date,hour,crime_count,crash_count,PRCP,TAVG,TMAX,TMIN,crime_score,crash_score,is_rain,is_cold,weather_factor,is_peak_hour,emergency_risk_score
2026-01-01,0,89,19.0,0.0,16.0,20,9,0.9999999887640451,0.0844444440691358,0,1,0.1,0,0.490333328164561
2026-01-01,1,59,34.0,0.0,16.0,20,9,0.6629213408660524,0.15111111043950617,0,1,0.1,0,0.35864793652157545
2026-01-01,2,44,38.0,0.0,16.0,20,9,0.494382016917056,0.1688888881382716,0,1,0.1,0,0.2881385740541567
2026-01-01,3,39,25.0,0.0,16.0,20,9,0.4382022422673906,0.11111111061728396,0,1,0.1,0,0.24552434220551095
2026-01-01,4,29,16.0,0.0,16.0,20,9,0.3258426929680596,0.07111111079506173,0,1,0.1,0,0.18296254507414533
2026-01-01,5,13,10.0,0.0,16.0,20,9,0.14606741408913018,0.04444444424691358,0,1,0.1,0,0.09406366961418265
2026-01-01,6,11,6.0,0.0,16.0,20,9,0.123595504229264,0.02666666654814815,0,1,0.1,0,0.07861797686761325
2026-01-01,7,6,7.0,0.0,16.0,20,9,0.06741572957959854,0.031111110972839508,0,1,0.1,1,0.1546704116026712
2026-01-01,8,13,10.0,0.0,16.0,20,9,0.14606741408913018,0.04444444424691358,0,1,0.1,1,0.19406366961418264
2026-01-01,9,19,7.0,0.0,16.0,20,9,0.21348314366872873,0.031111110972839508,0,1,0.1,1,0.22040074794277978
2026-01-01,10,24,4.0,0.0,16.0,20,9,0.2696629183183942,0.017777777698765432,0,1,0.1,1,0.241681646552907
2026-01-01,11,24,11.0,0.0,16.0,20,9,0.2696629183183942,0.04888888867160494,0,1,0.1,0,0.15101497984475887
2026-01-01,12,29,15.0,0.0,16.0,20,9,0.3258426929680596,0.06666666637037037,0,1,0.1,0,0.18162921174673796
2026-01-01,13,32,11.0,0.0,16.0,20,9,0.35955055775785894,0.04888888867160494,0,1,0.1,0,0.19146441759251798
2026-01-01,14,22,18.0,0.0,16.0,20,9,0.247191008458528,0.07999999964444444,0,1,0.1,0,0.15023595369967097
2026-01-01,15,22,12.0,0.0,16.0,20,9,0.247191008458528,0.0533333330962963,0,1,0.1,0,0.14223595373522652
2026-01-01,16,29,10.0,0.0,16.0,20,9,0.3258426929680596,0.04444444424691358,0,1,0.1,0,0.17496254510970088
2026-01-01,17,28,7.0,0.0,16.0,20,9,0.31460673803812655,0.031111110972839508,0,1,0.1,1,0.2659063654090088
2026-01-01,18,26,10.0,0.0,16.0,20,9,0.29213482817826036,0.04444444424691358,0,1,0.1,1,0.25979400595429125
2026-01-01,19,26,14.0,0.0,16.0,20,9,0.29213482817826036,0.062222221945679015,0,1,0.1,1,0.26512733926392085
2026-01-01,20,27,8.0,0.0,16.0,20,9,0.30337078310819343,0.035555555397530865,0,1,0.1,1,0.26218351901794634
2026-01-01,21,18,3.0,0.0,16.0,20,9,0.20224718873879563,0.013333333274074075,0,1,0.1,0,0.11001123491468026
2026-01-01,22,18,6.0,0.0,16.0,20,9,0.20224718873879563,0.02666666654814815,0,1,0.1,0,0.11401123489690249
2026-01-01,23,16,2.0,0.0,16.0,20,9,0.17977527887892947,0.008888888849382716,0,1,0.1,0,0.09856554215033307
2026-01-02,0,28,4.0,0.0,19.0,22,17,0.31460673803812655,0.017777777698765432,0,1,0.1,0,0.1619063654267866
2026-01-02,1,19,8.0,0.0,19.0,22,17,0.21348314366872873,0.035555555397530865,0,1,0.1,0,0.12173408127018719
2026-01-02,2,19,5.0,0.0,19.0,22,17,0.21348314366872873,0.02222222212345679,0,1,0.1,0,0.11773408128796496
2026-01-02,3,14,1.0,0.0,19.0,22,17,0.15730336901906328,0.004444444424691358,0,1,0.1,0,0.0871198493859859
2026-01-02,4,8,4.0,0.0,19.0,22,17,0.08988763943946473,0.017777777698765432,0,1,0.1,0,0.06078277105738876
2026-01-02,5,10,2.0,0.0,19.0,22,17,0.11235954929933091,0.008888888849382716,0,1,0.1,0,0.06822846383951373
2026-01-02,6,5,3.0,0.0,19.0,22,17,0.056179774649665455,0.013333333274074075,0,1,0.1,0,0.044280898574571674
2026-01-02,7,7,5.0,0.0,19.0,22,17,0.07865168450953164,0.02222222212345679,0,1,0.1,1,0.1570599246663263
2026-01-02,8,13,11.0,0.0,19.0,22,17,0.14606741408913018,0.04888888867160494,0,1,0.1,1,0.19539700294159007
2026-01-02,9,16,2.0,0.0,19.0,22,17,0.17977527887892947,0.008888888849382716,0,1,0.1,1,0.19856554215033306
2026-01-02,10,22,11.0,0.0,19.0,22,17,0.247191008458528,0.04888888867160494,0,1,0.1,1,0.2409026204078191
2026-01-02,11,24,17.0,0.0,19.0,22,17,0.2696629183183942,0.07555555521975309,0,1,0.1,0,0.15901497980920332
2026-01-02,12,29,15.0,0.0,19.0,22,17,0.3258426929680596,0.06666666637037037,0,1,0.1,0,0.18162921174673796
2026-01-02,13,33,15.0,0.0,19.0,22,17,0.370786512687792,0.06666666637037037,0,1,0.1,0,0.20185393062061752
2026-01-02,14,29,19.0,0.0,19.0,22,17,0.3258426929680596,0.0844444440691358,0,1,0.1,0,0.18696254505636756
2026-01-02,15,39,14.0,0.0,19.0,22,17,0.4382022422673906,0.062222221945679015,0,1,0.1,0,0.23085767560402948
2026-01-02,16,31,17.0,0.0,19.0,22,17,0.3483146028279258,0.07555555521975309,0,1,0.1,0,0.19440823783849254
2026-01-02,17,31,19.0,0.0,19.0,22,17,0.3483146028279258,0.0844444440691358,0,1,0.1,1,0.2970749044933074
2026-01-02,18,27,12.0,0.0,19.0,22,17,0.30337078310819343,0.0533333330962963,0,1,0.1,1,0.26751685232757594
2026-01-02,19,25,11.0,0.0,19.0,22,17,0.2808988732483273,0.04888888867160494,0,1,0.1,1,0.2560711595632288
2026-01-02,20,27,6.0,0.0,19.0,22,17,0.30337078310819343,0.02666666654814815,0,1,0.1,1,0.2595168523631315
2026-01-02,21,14,11.0,0.0,19.0,22,17,0.15730336901906328,0.04888888867160494,0,1,0.1,0,0.10045318266005997
2026-01-02,22,18,8.0,0.0,19.0,22,17,0.20224718873879563,0.035555555397530865,0,1,0.1,0,0.1166779015517173
2026-01-02,23,24,7.0,0.0,19.0,22,17,0.2696629183183942,0.031111110972839508,0,1,0.1,0,0.14568164653512922
2026-01-03,0,33,4.0,0.0,21.0,25,20,0.370786512687792,0.017777777698765432,0,1,0.1,0,0.18718726401913605
2026-01-03,1,14,3.0,0.0,21.0,25,20,0.15730336901906328,0.013333333274074075,0,1,0.1,0,0.0897865160408007
2026-01-03,2,31,6.0,0.0,21.0,25,20,0.3483146028279258,0.02666666654814815,0,1,0.1,0,0.17974157123701107
2026-01-03,3,21,6.0,0.0,21.0,25,20,0.23595505352859492,0.02666666654814815,0,1,0.1,0,0.12917977405231218
2026-01-03,4,20,1.0,0.0,21.0,25,20,0.22471909859866182,0.004444444424691358,0,1,0.1,0,0.11745692769680523
2026-01-03,5,14,4.0,0.0,21.0,25,20,0.15730336901906328,0.017777777698765432,0,1,0.1,0,0.0911198493682081
2026-01-03,6,12,2.0,0.0,21.0,25,20,0.1348314591591971,0.008888888849382716,0,1,0.1,0,0.0783408232764535
2026-01-03,7,12,6.0,0.0,21.0,25,20,0.1348314591591971,0.02666666654814815,0,1,0.1,1,0.18367415658608316
2026-01-03,8,15,0.0,0.0,21.0,25,20,0.16853932394899637,0.0,0,1,0.1,1,0.19084269577704838
2026-01-03,9,17,9.0,0.0,21.0,25,20,0.19101123380886253,0.03999999982222222,0,1,0.1,1,0.21295505516065483
2026-01-03,10,26,11.0,0.0,21.0,25,20,0.29213482817826036,0.04888888867160494,0,1,0.1,1,0.2611273392816986
2026-01-03,11,19,3.0,0.0,21.0,25,20,0.21348314366872873,0.013333333274074075,0,1,0.1,0,0.11506741463315015
2026-01-03,12,22,15.0,0.0,21.0,25,20,0.247191008458528,0.06666666637037037,0,1,0.1,0,0.14623595371744874
2026-01-03,13,28,12.0,0.0,21.0,25,20,0.31460673803812655,0.0533333330962963,0,1,0.1,0,0.17257303204604585
2026-01-03,14,21,12.0,0.0,21.0,25,20,0.23595505352859492,0.0533333330962963,0,1,0.1,0,0.13717977401675663
2026-01-03,15,25,9.0,0.0,21.0,25,20,0.2808988732483273,0.03999999982222222,0,1,0.1,0,0.15340449290841396
2026-01-03,16,20,5.0,0.0,21.0,25,20,0.22471909859866182,0.02222222212345679,0,1,0.1,0,0.12279026100643485
2026-01-03,17,35,11.0,0.0,21.0,25,20,0.3932584225476582,0.04888888867160494,0,1,0.1,1,0.3066329567479277
2026-01-03,18,30,14.0,0.0,21.0,25,20,0.33707864789799274,0.062222221945679015,0,1,0.1,1,0.2853520581378004
2026-01-03,19,36,15.0,0.0,21.0,25,20,0.40449437747759126,0.06666666637037037,0,1,0.1,1,0.3170224697760272
2026-01-03,20,25,13.0,0.0,21.0,25,20,0.2808988732483273,0.05777777752098766,0,1,0.1,1,0.25873782621804364
2026-01-03,21,29,8.0,0.0,21.0,25,20,0.3258426929680596,0.035555555397530865,0,1,0.1,0,0.1722958784548861
2026-01-03,22,39,7.0,0.0,21.0,25,20,0.4382022422673906,0.031111110972839508,0,1,0.1,0,0.2215243423121776
2026-01-03,23,25,6.0,0.0,21.0,25,20,0.2808988732483273,0.02666666654814815,0,1,0.1,0,0.14940449292619173
2026-01-04,0,38,6.0,0.0,26.0,34,22,0.42696628733745745,0.02666666654814815,0,1,0.1,0,0.2151348292663003
2026-01-04,1,19,9.0,0.0,26.0,34,22,0.21348314366872873,0.03999999982222222,0,1,0.1,0,0.12306741459759458
2026-01-04,2,26,6.0,0.0,26.0,34,22,0.29213482817826036,0.02666666654814815,0,1,0.1,0,0.15446067264466162
2026-01-04,3,14,6.0,0.0,26.0,34,22,0.15730336901906328,0.02666666654814815,0,1,0.1,0,0.09378651602302293
2026-01-04,4,21,3.0,0.0,26.0,34,22,0.23595505352859492,0.013333333274074075,0,1,0.1,0,0.12517977407008996
2026-01-04,5,10,2.0,0.0,26.0,34,22,0.11235954929933091,0.008888888849382716,0,1,0.1,0,0.06822846383951373
2026-01-04,6,17,2.0,0.0,26.0,34,22,0.19101123380886253,0.008888888849382716,0,1,0.1,0,0.10362172186880296
2026-01-04,7,8,2.0,0.0,26.0,34,22,0.08988763943946473,0.008888888849382716,0,1,0.1,1,0.15811610440257395
2026-01-04,8,20,4.0,0.0,26.0,34,22,0.22471909859866182,0.017777777698765432,0,1,0.1,1,0.22145692767902744
2026-01-04,9,14,8.0,0.0,26.0,34,22,0.15730336901906328,0.035555555397530865,0,1,0.1,1,0.19645318267783773
2026-01-04,10,27,8.0,0.0,26.0,34,22,0.30337078310819343,0.035555555397530865,0,1,0.1,1,0.26218351901794634
2026-01-04,11,18,7.0,0.0,26.0,34,22,0.20224718873879563,0.031111110972839508,0,1,0.1,0,0.11534456822430988
2026-01-04,12,19,14.0,0.0,26.0,34,22,0.21348314366872873,0.062222221945679015,0,1,0.1,0,0.12973408123463165
2026-01-04,13,26,19.0,0.0,26.0,34,22,0.29213482817826036,0.0844444440691358,0,1,0.1,0,0.1717940059009579
2026-01-04,14,24,9.0,0.0,26.0,34,22,0.2696629183183942,0.03999999982222222,0,1,0.1,0,0.14834831318994407
2026-01-04,15,28,4.0,0.0,26.0,34,22,0.31460673803812655,0.017777777698765432,0,1,0.1,0,0.1619063654267866
2026-01-04,16,32,12.0,0.0,26.0,34,22,0.35955055775785894,0.0533333330962963,0,1,0.1,0,0.1927977509199254
2026-01-04,17,19,11.0,0.0,26.0,34,22,0.21348314366872873,0.04888888867160494,0,1,0.1,1,0.22573408125240943
2026-01-04,18,24,12.0,0.0,26.0,34,22,0.2696629183183942,0.0533333330962963,0,1,0.1,1,0.2523483131721663
2026-01-04,19,35,9.0,0.0,26.0,34,22,0.3932584225476582,0.03999999982222222,0,1,0.1,1,0.3039662900931128
2026-01-04,20,34,3.0,0.0,26.0,34,22,0.38202246761772507,0.013333333274074075,0,1,0.1,1,0.29091011041019854
2026-01-04,21,25,3.0,0.0,26.0,34,22,0.2808988732483273,0.013333333274074075,0,1,0.1,0,0.1454044929439695
2026-01-04,22,24,5.0,0.0,26.0,34,22,0.2696629183183942,0.02222222212345679,0,1,0.1,0,0.14301497988031442
2026-01-04,23,20,5.0,0.0,26.0,34,22,0.22471909859866182,0.02222222212345679,0,1,0.1,0,0.12279026100643485
2026-01-05,0,41,4.0,0.0,34.0,43,27,0.4606741521272567,0.017777777698765432,0,0,0.0,0,0.21263670176689514
2026-01-05,1,16,3.0,0.0,34.0,43,27,0.17977527887892947,0.013333333274074075,0,0,0.0,0,0.08489887547774048
2026-01-05,2,12,2.0,0.0,34.0,43,27,0.1348314591591971,0.008888888849382716,0,0,0.0,0,0.0633408232764535
2026-01-05,3,28,0.0,0.0,34.0,43,27,0.31460673803812655,0.0,0,0,0.0,0,0.14157303211715697
2026-01-05,4,10,5.0,0.0,34.0,43,27,0.11235954929933091,0.02222222212345679,0,0,0.0,0,0.05722846382173594
2026-01-05,5,15,8.0,0.0,34.0,43,27,0.16853932394899637,0.035555555397530865,0,0,0.0,0,0.08650936239630763
2026-01-05,6,21,10.0,0.0,34.0,43,27,0.23595505352859492,0.04444444424691358,0,0,0.0,0,0.11951310736194179
2026-01-05,7,18,13.0,0.0,34.0,43,27,0.20224718873879563,0.05777777752098766,0,0,0.0,1,0.20834456818875435
2026-01-05,8,26,7.0,0.0,34.0,43,27,0.29213482817826036,0.031111110972839508,0,0,0.0,1,0.24079400597206901
2026-01-05,9,18,7.0,0.0,34.0,43,27,0.20224718873879563,0.031111110972839508,0,0,0.0,1,0.2003445682243099
2026-01-05,10,21,6.0,0.0,34.0,43,27,0.23595505352859492,0.02666666654814815,0,0,0.0,1,0.21417977405231217
2026-01-05,11,25,5.0,0.0,34.0,43,27,0.2808988732483273,0.02222222212345679,0,0,0.0,0,0.13307115959878435
2026-01-05,12,32,14.0,0.0,34.0,43,27,0.35955055775785894,0.062222221945679015,0,0,0.0,0,0.18046441757474022
2026-01-05,13,21,20.0,0.0,34.0,43,27,0.23595505352859492,0.08888888849382716,0,0,0.0,0,0.13284644063601586
2026-01-05,14,36,10.0,0.0,34.0,43,27,0.40449437747759126,0.04444444424691358,0,0,0.0,0,0.19535580313899015
2026-01-05,15,21,17.0,0.0,34.0,43,27,0.23595505352859492,0.07555555521975309,0,0,0.0,0,0.12884644065379364
2026-01-05,16,32,15.0,0.0,34.0,43,27,0.35955055775785894,0.06666666637037037,0,0,0.0,0,0.18179775090214764
2026-01-05,17,18,30.0,0.0,34.0,43,27,0.20224718873879563,0.13333333274074075,0,0,0.0,1,0.23101123475468027
2026-01-05,18,36,15.0,0.0,34.0,43,27,0.40449437747759126,0.06666666637037037,0,0,0.0,1,0.3020224697760272
2026-01-05,19,28,8.0,0.0,34.0,43,27,0.31460673803812655,0.035555555397530865,0,0,0.0,1,0.2522396987364162
2026-01-05,20,34,8.0,0.0,34.0,43,27,0.38202246761772507,0.035555555397530865,0,0,0.0,1,0.28257677704723555
2026-01-05,21,21,7.0,0.0,34.0,43,27,0.23595505352859492,0.031111110972839508,0,0,0.0,0,0.11551310737971957
2026-01-05,22,20,5.0,0.0,34.0,43,27,0.22471909859866182,0.02222222212345679,0,0,0.0,0,0.10779026100643485
2026-01-05,23,25,2.0,0.0,34.0,43,27,0.2808988732483273,0.008888888849382716,0,0,0.0,0,0.12907115961656213
2026-01-06,0,41,4.0,0.0,37.0,43,34,0.4606741521272567,0.017777777698765432,0,0,0.0,0,0.21263670176689514
2026-01-06,1,13,4.0,0.0,37.0,43,34,0.14606741408913018,0.017777777698765432,0,0,0.0,0,0.0710636696497382
2026-01-06,2,14,5.0,0.0,37.0,43,34,0.15730336901906328,0.02222222212345679,0,0,0.0,0,0.07745318269561552
2026-01-06,3,11,2.0,0.0,37.0,43,34,0.123595504229264,0.008888888849382716,0,0,0.0,0,0.058284643557983615
2026-01-06,4,18,0.0,0.0,37.0,43,34,0.20224718873879563,0.0,0,0,0.0,0,0.09101123493245804
2026-01-06,5,17,2.0,0.0,37.0,43,34,0.19101123380886253,0.008888888849382716,0,0,0.0,0,0.08862172186880296
2026-01-06,6,8,8.0,0.0,37.0,43,34,0.08988763943946473,0.035555555397530865,0,0,0.0,0,0.05111610436701839
2026-01-06,7,15,19.0,0.0,37.0,43,34,0.16853932394899637,0.0844444440691358,0,0,0.0,1,0.20117602899778914
2026-01-06,8,23,18.0,0.0,37.0,43,34,0.2584269633884611,0.07999999964444444,0,0,0.0,1,0.24029213341814085
2026-01-06,9,32,15.0,0.0,37.0,43,34,0.35955055775785894,0.06666666637037037,0,0,0.0,1,0.28179775090214765
2026-01-06,10,36,6.0,0.0,37.0,43,34,0.40449437747759126,0.02666666654814815,0,0,0.0,1,0.29002246982936053
2026-01-06,11,24,14.0,0.0,37.0,43,34,0.2696629183183942,0.062222221945679015,0,0,0.0,0,0.14001497982698108
2026-01-06,12,41,18.0,0.0,37.0,43,34,0.4606741521272567,0.07999999964444444,0,0,0.0,0,0.23130336835059884
2026-01-06,13,27,10.0,0.0,37.0,43,34,0.30337078310819343,0.04444444424691358,0,0,0.0,0,0.14985018567276112
2026-01-06,14,37,9.0,0.0,37.0,43,34,0.4157303324075244,0.03999999982222222,0,0,0.0,0,0.19907864953005264
2026-01-06,15,29,24.0,0.0,37.0,43,34,0.3258426929680596,0.1066666661925926,0,0,0.0,0,0.17862921169340462
2026-01-06,16,42,29.0,0.0,37.0,43,34,0.47191010705718983,0.1288888883160494,0,0,0.0,0,0.25102621467055025
2026-01-06,17,31,23.0,0.0,37.0,43,34,0.3483146028279258,0.10222222176790124,0,0,0.0,1,0.287408237802937
2026-01-06,18,21,16.0,0.0,37.0,43,34,0.23595505352859492,0.07111111079506173,0,0,0.0,1,0.22751310732638624
2026-01-06,19,30,9.0,0.0,37.0,43,34,0.33707864789799274,0.03999999982222222,0,0,0.0,1,0.2636853915007634
2026-01-06,20,36,4.0,0.0,37.0,43,34,0.40449437747759126,0.017777777698765432,0,0,0.0,1,0.2873558031745457
2026-01-06,21,27,5.0,0.0,37.0,43,34,0.30337078310819343,0.02222222212345679,0,0,0.0,0,0.1431835190357241
2026-01-06,22,18,8.0,0.0,37.0,43,34,0.20224718873879563,0.035555555397530865,0,0,0.0,0,0.1016779015517173
2026-01-06,23,10,3.0,0.0,37.0,43,34,0.11235954929933091,0.013333333274074075,0,0,0.0,0,0.05456179716692113
2026-01-07,0,40,1.0,0.0,35.0,39,31,0.44943819719732364,0.004444444424691358,0,0,0.0,0,0.20358052206620303
2026-01-07,1,18,4.0,0.0,35.0,39,31,0.20224718873879563,0.017777777698765432,0,0,0.0,0,0.09634456824208766
2026-01-07,2,14,8.0,0.0,35.0,39,31,0.15730336901906328,0.035555555397530865,0,0,0.0,0,0.08145318267783774
2026-01-07,3,17,0.0,0.0,35.0,39,31,0.19101123380886253,0.0,0,0,0.0,0,0.08595505521398815
2026-01-07,4,22,3.0,0.0,35.0,39,31,0.247191008458528,0.013333333274074075,0,0,0.0,0,0.11523595378855983
2026-01-07,5,12,3.0,0.0,35.0,39,31,0.1348314591591971,0.013333333274074075,0,0,0.0,0,0.06467415660386092
2026-01-07,6,16,9.0,0.0,35.0,39,31,0.17977527887892947,0.03999999982222222,0,0,0.0,0,0.09289887544218492
2026-01-07,7,24,13.0,0.0,35.0,39,31,0.2696629183183942,0.05777777752098766,0,0,0.0,1,0.23868164649957369
2026-01-07,8,24,22.0,0.0,35.0,39,31,0.2696629183183942,0.09777777734320987,0,0,0.0,1,0.25068164644624036
2026-01-07,9,25,12.0,0.0,35.0,39,31,0.2808988732483273,0.0533333330962963,0,0,0.0,1,0.2424044928906362
2026-01-07,10,30,10.0,0.0,35.0,39,31,0.33707864789799274,0.04444444424691358,0,0,0.0,1,0.2650187248281708
2026-01-07,11,26,13.0,0.0,35.0,39,31,0.29213482817826036,0.05777777752098766,0,0,0.0,0,0.14879400593651346
2026-01-07,12,32,11.0,0.0,35.0,39,31,0.35955055775785894,0.04888888867160494,0,0,0.0,0,0.176464417592518
2026-01-07,13,30,14.0,0.0,35.0,39,31,0.33707864789799274,0.062222221945679015,0,0,0.0,0,0.17035205813780044
2026-01-07,14,35,10.0,0.0,35.0,39,31,0.3932584225476582,0.04444444424691358,0,0,0.0,0,0.19029962342052026
2026-01-07,15,41,22.0,0.0,35.0,39,31,0.4606741521272567,0.09777777734320987,0,0,0.0,0,0.2366367016602285
2026-01-07,16,36,15.0,0.0,35.0,39,31,0.40449437747759126,0.06666666637037037,0,0,0.0,0,0.2020224697760272
2026-01-07,17,30,28.0,0.0,35.0,39,31,0.33707864789799274,0.12444444389135803,0,0,0.0,1,0.28901872472150414
2026-01-07,18,21,12.0,0.0,35.0,39,31,0.23595505352859492,0.0533333330962963,0,0,0.0,1,0.22217977401675662
2026-01-07,19,37,20.0,0.0,35.0,39,31,0.4157303324075244,0.08888888849382716,0,0,0.0,1,0.3137453161315341
2026-01-07,20,26,14.0,0.0,35.0,39,31,0.29213482817826036,0.062222221945679015,0,0,0.0,1,0.25012733926392083
2026-01-07,21,17,3.0,0.0,35.0,39,31,0.19101123380886253,0.013333333274074075,0,0,0.0,0,0.08995505519621037
2026-01-07,22,24,6.0,0.0,35.0,39,31,0.2696629183183942,0.02666666654814815,0,0,0.0,0,0.12934831320772183
2026-01-07,23,12,5.0,0.0,35.0,39,31,0.1348314591591971,0.02222222212345679,0,0,0.0,0,0.06734082325867573
2026-01-08,0,39,4.0,0.88,43.0,60,35,0.4382022422673906,0.017777777698765432,1,0,0.2,0,0.2325243423299554
2026-01-08,1,15,4.0,0.88,43.0,60,35,0.16853932394899637,0.017777777698765432,1,0,0.2,0,0.111176029086678
2026-01-08,2,11,4.0,0.88,43.0,60,35,0.123595504229264,0.017777777698765432,1,0,0.2,0,0.09095131021279843
2026-01-08,3,14,1.0,0.88,43.0,60,35,0.15730336901906328,0.004444444424691358,1,0,0.2,0,0.1021198493859859
2026-01-08,4,9,2.0,0.88,43.0,60,35,0.10112359436939782,0.008888888849382716,1,0,0.2,0,0.07817228412104382
2026-01-08,5,14,3.0,0.88,43.0,60,35,0.15730336901906328,0.013333333274074075,1,0,0.2,0,0.1047865160408007
2026-01-08,6,10,9.0,0.88,43.0,60,35,0.11235954929933091,0.03999999982222222,1,0,0.2,0,0.09256179713136557
2026-01-08,7,19,14.0,0.88,43.0,60,35,0.21348314366872873,0.062222221945679015,1,0,0.2,1,0.24473408123463164
2026-01-08,8,16,18.0,0.88,43.0,60,35,0.17977527887892947,0.07999999964444444,1,0,0.2,1,0.2348988753888516
2026-01-08,9,22,16.0,0.88,43.0,60,35,0.247191008458528,0.07111111079506173,1,0,0.2,1,0.26256928704485616
2026-01-08,10,16,8.0,0.88,43.0,60,35,0.17977527887892947,0.035555555397530865,1,0,0.2,1,0.22156554211477753
2026-01-08,11,30,13.0,0.88,43.0,60,35,0.33707864789799274,0.05777777752098766,1,0,0.2,0,0.19901872481039304
2026-01-08,12,33,17.0,0.88,43.0,60,35,0.370786512687792,0.07555555521975309,1,0,0.2,0,0.21952059727543233
2026-01-08,13,33,15.0,0.88,43.0,60,35,0.370786512687792,0.06666666637037037,1,0,0.2,0,0.21685393062061753
2026-01-08,14,31,14.0,0.88,43.0,60,35,0.3483146028279258,0.062222221945679015,1,0,0.2,0,0.20540823785627033
2026-01-08,15,25,24.0,0.88,43.0,60,35,0.2808988732483273,0.1066666661925926,1,0,0.2,0,0.18840449281952507
2026-01-08,16,27,25.0,0.88,43.0,60,35,0.30337078310819343,0.11111111061728396,1,0,0.2,0,0.19985018558387224
2026-01-08,17,31,41.0,0.88,43.0,60,35,0.3483146028279258,0.18222222141234568,1,0,0.2,1,0.3414082376962703
2026-01-08,18,36,22.0,0.88,43.0,60,35,0.40449437747759126,0.09777777734320987,1,0,0.2,1,0.34135580306787905
2026-01-08,19,28,17.0,0.88,43.0,60,35,0.31460673803812655,0.07555555521975309,1,0,0.2,1,0.29423969868308286
2026-01-08,20,31,8.0,0.88,43.0,60,35,0.3483146028279258,0.035555555397530865,1,0,0.2,1,0.2974082378918259
2026-01-08,21,19,10.0,0.88,43.0,60,35,0.21348314366872873,0.04444444424691358,1,0,0.2,0,0.139400747925002
2026-01-08,22,32,12.0,0.88,43.0,60,35,0.35955055775785894,0.0533333330962963,1,0,0.2,0,0.20779775091992542
2026-01-08,23,19,7.0,0.88,43.0,60,35,0.21348314366872873,0.031111110972839508,1,0,0.2,0,0.1354007479427798
2026-01-09,0,36,9.0,0.0,48.0,60,36,0.40449437747759126,0.03999999982222222,0,0,0.0,0,0.19402246981158275
2026-01-09,1,13,4.0,0.0,48.0,60,36,0.14606741408913018,0.017777777698765432,0,0,0.0,0,0.0710636696497382
2026-01-09,2,15,0.0,0.0,48.0,60,36,0.16853932394899637,0.0,0,0,0.0,0,0.07584269577704837
2026-01-09,3,15,7.0,0.0,48.0,60,36,0.16853932394899637,0.031111110972839508,0,0,0.0,0,0.08517602906890022
2026-01-09,4,15,0.0,0.0,48.0,60,36,0.16853932394899637,0.0,0,0,0.0,0,0.07584269577704837
2026-01-09,5,11,4.0,0.0,48.0,60,36,0.123595504229264,0.017777777698765432,0,0,0.0,0,0.06095131021279843
2026-01-09,6,13,9.0,0.0,48.0,60,36,0.14606741408913018,0.03999999982222222,0,0,0.0,0,0.07773033628677525
2026-01-09,7,12,18.0,0.0,48.0,60,36,0.1348314591591971,0.07999999964444444,0,0,0.0,1,0.18467415651497204
2026-01-09,8,7,11.0,0.0,48.0,60,36,0.07865168450953164,0.04888888867160494,0,0,0.0,1,0.15005992463077072
2026-01-09,9,30,11.0,0.0,48.0,60,36,0.33707864789799274,0.04888888867160494,0,0,0.0,1,0.2663520581555782
2026-01-09,10,29,15.0,0.0,48.0,60,36,0.3258426929680596,0.06666666637037037,0,0,0.0,1,0.2666292117467379
2026-01-09,11,33,11.0,0.0,48.0,60,36,0.370786512687792,0.04888888867160494,0,0,0.0,0,0.18152059731098788
2026-01-09,12,35,14.0,0.0,48.0,60,36,0.3932584225476582,0.062222221945679015,0,0,0.0,0,0.19563295673014988
2026-01-09,13,26,13.0,0.0,48.0,60,36,0.29213482817826036,0.05777777752098766,0,0,0.0,0,0.14879400593651346
2026-01-09,14,27,20.0,0.0,48.0,60,36,0.30337078310819343,0.08888888849382716,0,0,0.0,0,0.1631835189468352
2026-01-09,15,41,18.0,0.0,48.0,60,36,0.4606741521272567,0.07999999964444444,0,0,0.0,0,0.23130336835059884
2026-01-09,16,38,22.0,0.0,48.0,60,36,0.42696628733745745,0.09777777734320987,0,0,0.0,0,0.22146816250481882
2026-01-09,17,36,28.0,0.0,48.0,60,36,0.40449437747759126,0.12444444389135803,0,0,0.0,1,0.31935580303232347
2026-01-09,18,46,14.0,0.0,48.0,60,36,0.5168539267769222,0.062222221945679015,0,0,0.0,1,0.3512509336333187
2026-01-09,19,29,11.0,0.0,48.0,60,36,0.3258426929680596,0.04888888867160494,0,0,0.0,1,0.26129587843710833
2026-01-09,20,29,7.0,0.0,48.0,60,36,0.3258426929680596,0.031111110972839508,0,0,0.0,1,0.2559625451274787
2026-01-09,21,30,10.0,0.0,48.0,60,36,0.33707864789799274,0.04444444424691358,0,0,0.0,0,0.16501872482817082
2026-01-09,22,21,6.0,0.0,48.0,60,36,0.23595505352859492,0.02666666654814815,0,0,0.0,0,0.11417977405231217
2026-01-09,23,25,7.0,0.0,48.0,60,36,0.2808988732483273,0.031111110972839508,0,0,0.0,0,0.13573782625359915
2026-01-10,0,29,5.0,0.21,37.0,40,23,0.3258426929680596,0.02222222212345679,1,0,0.2,0,0.18329587847266388
2026-01-10,1,23,4.0,0.21,37.0,40,23,0.2584269633884611,0.017777777698765432,1,0,0.2,0,0.15162546683443712
2026-01-10,2,12,1.0,0.21,37.0,40,23,0.1348314591591971,0.004444444424691358,1,0,0.2,0,0.09200748994904609
2026-01-10,3,16,2.0,0.21,37.0,40,23,0.17977527887892947,0.008888888849382716,1,0,0.2,0,0.11356554215033307
2026-01-10,4,13,2.0,0.21,37.0,40,23,0.14606741408913018,0.008888888849382716,1,0,0.2,0,0.09839700299492339
2026-01-10,5,10,4.0,0.21,37.0,40,23,0.11235954929933091,0.017777777698765432,1,0,0.2,0,0.08589513049432854
2026-01-10,6,8,4.0,0.21,37.0,40,23,0.08988763943946473,0.017777777698765432,1,0,0.2,0,0.07578277105738876
2026-01-10,7,11,5.0,0.21,37.0,40,23,0.123595504229264,0.02222222212345679,1,0,0.2,1,0.19228464354020586
2026-01-10,8,15,5.0,0.21,37.0,40,23,0.16853932394899637,0.02222222212345679,1,0,0.2,1,0.2125093624140854
2026-01-10,9,25,8.0,0.21,37.0,40,23,0.2808988732483273,0.035555555397530865,1,0,0.2,1,0.2670711595810066
2026-01-10,10,23,11.0,0.21,37.0,40,23,0.2584269633884611,0.04888888867160494,1,0,0.2,1,0.26095880012628897
2026-01-10,11,27,7.0,0.21,37.0,40,23,0.30337078310819343,0.031111110972839508,1,0,0.2,0,0.1758501856905389
2026-01-10,12,28,23.0,0.21,37.0,40,23,0.31460673803812655,0.10222222176790124,1,0,0.2,0,0.20223969864752733
2026-01-10,13,31,20.0,0.21,37.0,40,23,0.3483146028279258,0.08888888849382716,1,0,0.2,0,0.21340823782071477
2026-01-10,14,28,25.0,0.21,37.0,40,23,0.31460673803812655,0.11111111061728396,1,0,0.2,0,0.20490636530234216
2026-01-10,15,26,21.0,0.21,37.0,40,23,0.29213482817826036,0.09333333291851852,1,0,0.2,0,0.1894606725557727
2026-01-10,16,37,13.0,0.21,37.0,40,23,0.4157303324075244,0.05777777752098766,1,0,0.2,0,0.23441198283968226
2026-01-10,17,35,15.0,0.21,37.0,40,23,0.3932584225476582,0.06666666637037037,1,0,0.2,1,0.3269662900575573
2026-01-10,18,28,21.0,0.21,37.0,40,23,0.31460673803812655,0.09333333291851852,1,0,0.2,1,0.2995730319927125
2026-01-10,19,26,13.0,0.21,37.0,40,23,0.29213482817826036,0.05777777752098766,1,0,0.2,1,0.2787940059365135
2026-01-10,20,13,12.0,0.21,37.0,40,23,0.14606741408913018,0.0533333330962963,1,0,0.2,1,0.21173033626899748
2026-01-10,21,18,11.0,0.21,37.0,40,23,0.20224718873879563,0.04888888867160494,1,0,0.2,0,0.13567790153393952
2026-01-10,22,25,11.0,0.21,37.0,40,23,0.2808988732483273,0.04888888867160494,1,0,0.2,0,0.17107115956322877
2026-01-10,23,26,14.0,0.21,37.0,40,23,0.29213482817826036,0.062222221945679015,1,0,0.2,0,0.18012733926392085
2026-01-11,0,42,7.0,0.0,27.0,32,21,0.47191010705718983,0.031111110972839508,0,1,0.1,0,0.23669288146758727
2026-01-11,1,36,15.0,0.0,27.0,32,21,0.40449437747759126,0.06666666637037037,0,1,0.1,0,0.21702246977602718
2026-01-11,2,30,12.0,0.0,27.0,32,21,0.33707864789799274,0.0533333330962963,0,1,0.1,0,0.18268539148298563
2026-01-11,3,23,7.0,0.0,27.0,32,21,0.2584269633884611,0.031111110972839508,0,1,0.1,0,0.14062546681665933
2026-01-11,4,14,3.0,0.0,27.0,32,21,0.15730336901906328,0.013333333274074075,0,1,0.1,0,0.0897865160408007
2026-01-11,5,10,6.0,0.0,27.0,32,21,0.11235954929933091,0.02666666654814815,0,1,0.1,0,0.07356179714914335
2026-01-11,6,9,2.0,0.0,27.0,32,21,0.10112359436939782,0.008888888849382716,0,1,0.1,0,0.06317228412104384
2026-01-11,7,10,5.0,0.0,27.0,32,21,0.11235954929933091,0.02222222212345679,0,1,0.1,1,0.17222846382173596
2026-01-11,8,25,5.0,0.0,27.0,32,21,0.2808988732483273,0.02222222212345679,0,1,0.1,1,0.24807115959878437
2026-01-11,9,14,6.0,0.0,27.0,32,21,0.15730336901906328,0.02666666654814815,0,1,0.1,1,0.19378651602302294
2026-01-11,10,25,9.0,0.0,27.0,32,21,0.2808988732483273,0.03999999982222222,0,1,0.1,1,0.25340449290841394
2026-01-11,11,16,11.0,0.0,27.0,32,21,0.17977527887892947,0.04888888867160494,0,1,0.1,0,0.11056554209699974
2026-01-11,12,28,8.0,0.0,27.0,32,21,0.31460673803812655,0.035555555397530865,0,1,0.1,0,0.1672396987364162
2026-01-11,13,16,9.0,0.0,27.0,32,21,0.17977527887892947,0.03999999982222222,0,1,0.1,0,0.10789887544218492
2026-01-11,14,24,13.0,0.0,27.0,32,21,0.2696629183183942,0.05777777752098766,0,1,0.1,0,0.15368164649957367
2026-01-11,15,29,11.0,0.0,27.0,32,21,0.3258426929680596,0.04888888867160494,0,1,0.1,0,0.1762958784371083
2026-01-11,16,34,13.0,0.0,27.0,32,21,0.38202246761772507,0.05777777752098766,0,1,0.1,0,0.2042434436842726
2026-01-11,17,40,11.0,0.0,27.0,32,21,0.44943819719732364,0.04888888867160494,0,1,0.1,1,0.33191385534027706
2026-01-11,18,19,8.0,0.0,27.0,32,21,0.21348314366872873,0.035555555397530865,0,1,0.1,1,0.22173408127018718
2026-01-11,19,21,10.0,0.0,27.0,32,21,0.23595505352859492,0.04444444424691358,0,1,0.1,1,0.23451310736194178
2026-01-11,20,25,6.0,0.0,27.0,32,21,0.2808988732483273,0.02666666654814815,0,1,0.1,1,0.24940449292619174
2026-01-11,21,30,8.0,0.0,27.0,32,21,0.33707864789799274,0.035555555397530865,0,1,0.1,0,0.17735205817335598
2026-01-11,22,27,9.0,0.0,27.0,32,21,0.30337078310819343,0.03999999982222222,0,1,0.1,0,0.16351685234535374
2026-01-11,23,21,4.0,0.0,27.0,32,21,0.23595505352859492,0.017777777698765432,0,1,0.1,0,0.12651310739749733
2026-01-12,0,29,7.0,0.0,30.0,41,25,0.3258426929680596,0.031111110972839508,0,1,0.1,0,0.17096254512747866
2026-01-12,1,11,1.0,0.0,30.0,41,25,0.123595504229264,0.004444444424691358,0,1,0.1,0,0.07195131023057622
2026-01-12,2,17,1.0,0.0,30.0,41,25,0.19101123380886253,0.004444444424691358,0,1,0.1,0,0.10228838854139556
2026-01-12,3,20,1.0,0.0,30.0,41,25,0.22471909859866182,0.004444444424691358,0,1,0.1,0,0.11745692769680523
2026-01-12,4,12,2.0,0.0,30.0,41,25,0.1348314591591971,0.008888888849382716,0,1,0.1,0,0.0783408232764535
2026-01-12,5,10,4.0,0.0,30.0,41,25,0.11235954929933091,0.017777777698765432,0,1,0.1,0,0.07089513049432854
2026-01-12,6,14,6.0,0.0,30.0,41,25,0.15730336901906328,0.02666666654814815,0,1,0.1,0,0.09378651602302293
2026-01-12,7,10,21.0,0.0,30.0,41,25,0.11235954929933091,0.09333333291851852,0,1,0.1,1,0.19356179706025445
2026-01-12,8,18,16.0,0.0,30.0,41,25,0.20224718873879563,0.07111111079506173,0,1,0.1,1,0.22734456817097656
2026-01-12,9,26,8.0,0.0,30.0,41,25,0.29213482817826036,0.035555555397530865,0,1,0.1,1,0.2571273392994764
2026-01-12,10,34,17.0,0.0,30.0,41,25,0.38202246761772507,0.07555555521975309,0,1,0.1,1,0.3095767769939022
2026-01-12,11,18,16.0,0.0,30.0,41,25,0.20224718873879563,0.07111111079506173,0,1,0.1,0,0.12734456817097656
2026-01-12,12,38,11.0,0.0,30.0,41,25,0.42696628733745745,0.04888888867160494,0,1,0.1,0,0.2218014959033373
2026-01-12,13,29,14.0,0.0,30.0,41,25,0.3258426929680596,0.062222221945679015,0,1,0.1,0,0.18029587841933054
2026-01-12,14,29,24.0,0.0,30.0,41,25,0.3258426929680596,0.1066666661925926,0,1,0.1,0,0.19362921169340463
2026-01-12,15,26,20.0,0.0,30.0,41,25,0.29213482817826036,0.08888888849382716,0,1,0.1,0,0.17312733922836532
2026-01-12,16,35,23.0,0.0,30.0,41,25,0.3932584225476582,0.10222222176790124,0,1,0.1,0,0.22263295667681654
2026-01-12,17,33,20.0,0.0,30.0,41,25,0.370786512687792,0.08888888849382716,0,1,0.1,1,0.30852059725765457
2026-01-12,18,30,15.0,0.0,30.0,41,25,0.33707864789799274,0.06666666637037037,0,1,0.1,1,0.2866853914652079
2026-01-12,19,31,14.0,0.0,30.0,41,25,0.3483146028279258,0.062222221945679015,0,1,0.1,1,0.29040823785627035
2026-01-12,20,20,6.0,0.0,30.0,41,25,0.22471909859866182,0.02666666654814815,0,1,0.1,1,0.22412359433384227
2026-01-12,21,23,7.0,0.0,30.0,41,25,0.2584269633884611,0.031111110972839508,0,1,0.1,0,0.14062546681665933
2026-01-12,22,21,4.0,0.0,30.0,41,25,0.23595505352859492,0.017777777698765432,0,1,0.1,0,0.12651310739749733
2026-01-12,23,16,1.0,0.0,30.0,41,25,0.17977527887892947,0.004444444424691358,0,1,0.1,0,0.09723220882292567
2026-01-13,0,31,3.0,0.0,38.0,51,29,0.3483146028279258,0.013333333274074075,0,0,0.0,0,0.16074157125478886
2026-01-13,1,15,2.0,0.0,38.0,51,29,0.16853932394899637,0.008888888849382716,0,0,0.0,0,0.07850936243186318
2026-01-13,2,5,0.0,0.0,38.0,51,29,0.056179774649665455,0.0,0,0,0.0,0,0.025280898592349454
2026-01-13,3,14,1.0,0.0,38.0,51,29,0.15730336901906328,0.004444444424691358,0,0,0.0,0,0.0721198493859859
2026-01-13,4,5,1.0,0.0,38.0,51,29,0.056179774649665455,0.004444444424691358,0,0,0.0,0,0.02661423191975686
2026-01-13,5,5,2.0,0.0,38.0,51,29,0.056179774649665455,0.008888888849382716,0,0,0.0,0,0.02794756524716427
2026-01-13,6,17,4.0,0.0,38.0,51,29,0.19101123380886253,0.017777777698765432,0,0,0.0,0,0.09128838852361777
2026-01-13,7,22,18.0,0.0,38.0,51,29,0.247191008458528,0.07999999964444444,0,0,0.0,1,0.23523595369967096
2026-01-13,8,24,12.0,0.0,38.0,51,29,0.2696629183183942,0.0533333330962963,0,0,0.0,1,0.2373483131721663
2026-01-13,9,28,21.0,0.0,38.0,51,29,0.31460673803812655,0.09333333291851852,0,0,0.0,1,0.26957303199271254
2026-01-13,10,22,10.0,0.0,38.0,51,29,0.247191008458528,0.04444444424691358,0,0,0.0,1,0.22456928708041168
2026-01-13,11,29,18.0,0.0,38.0,51,29,0.3258426929680596,0.07999999964444444,0,0,0.0,0,0.17062921172896017
2026-01-13,12,39,11.0,0.0,38.0,51,29,0.4382022422673906,0.04888888867160494,0,0,0.0,0,0.21185767562180724
2026-01-13,13,29,20.0,0.0,38.0,51,29,0.3258426929680596,0.08888888849382716,0,0,0.0,0,0.17329587838377497
2026-01-13,14,36,21.0,0.0,38.0,51,29,0.40449437747759126,0.09333333291851852,0,0,0.0,0,0.21002246974047162
2026-01-13,15,32,21.0,0.0,38.0,51,29,0.35955055775785894,0.09333333291851852,0,0,0.0,0,0.18979775086659206
2026-01-13,16,32,15.0,0.0,38.0,51,29,0.35955055775785894,0.06666666637037037,0,0,0.0,0,0.18179775090214764
2026-01-13,17,30,20.0,0.0,38.0,51,29,0.33707864789799274,0.08888888849382716,0,0,0.0,1,0.2783520581022449
2026-01-13,18,31,16.0,0.0,38.0,51,29,0.3483146028279258,0.07111111079506173,0,0,0.0,1,0.2780749045110852
2026-01-13,19,34,11.0,0.0,38.0,51,29,0.38202246761772507,0.04888888867160494,0,0,0.0,1,0.2865767770294578
2026-01-13,20,32,4.0,0.0,38.0,51,29,0.35955055775785894,0.017777777698765432,0,0,0.0,1,0.2671310843006661
2026-01-13,21,24,4.0,0.0,38.0,51,29,0.2696629183183942,0.017777777698765432,0,0,0.0,0,0.126681646552907
2026-01-13,22,18,6.0,0.0,38.0,51,29,0.20224718873879563,0.02666666654814815,0,0,0.0,0,0.09901123489690249
2026-01-13,23,24,1.0,0.0,38.0,51,29,0.2696629183183942,0.004444444424691358,0,0,0.0,0,0.1226816465706848
2026-01-14,0,40,4.0,0.01,31.0,41,17,0.44943819719732364,0.017777777698765432,1,1,0.30000000000000004,0,0.25258052204842524
2026-01-14,1,20,1.0,0.01,31.0,41,17,0.22471909859866182,0.004444444424691358,1,1,0.30000000000000004,0,0.14745692769680524
2026-01-14,2,14,3.0,0.01,31.0,41,17,0.15730336901906328,0.013333333274074075,1,1,0.30000000000000004,0,0.1197865160408007
2026-01-14,3,16,1.0,0.01,31.0,41,17,0.17977527887892947,0.004444444424691358,1,1,0.30000000000000004,0,0.12723220882292569
2026-01-14,4,11,0.0,0.01,31.0,41,17,0.123595504229264,0.0,1,1,0.30000000000000004,0,0.10061797690316882
2026-01-14,5,7,6.0,0.01,31.0,41,17,0.07865168450953164,0.02666666654814815,1,1,0.30000000000000004,0,0.08839325799373368
2026-01-14,6,15,8.0,0.01,31.0,41,17,0.16853932394899637,0.035555555397530865,1,1,0.30000000000000004,0,0.13150936239630764
2026-01-14,7,13,115.0,0.01,31.0,41,17,0.14606741408913018,0.5111111088395062,1,1,0.30000000000000004,1,0.3640636689919604
2026-01-14,8,10,225.0,0.01,31.0,41,17,0.11235954929933091,0.9999999955555556,1,1,0.30000000000000004,1,0.4955617958513655
2026-01-14,9,17,129.0,0.01,31.0,41,17,0.19101123380886253,0.5733333307851852,1,1,0.30000000000000004,1,0.4029550544495437
2026-01-14,10,18,68.0,0.01,31.0,41,17,0.20224718873879563,0.30222222087901235,1,1,0.30000000000000004,1,0.32667790119616175
2026-01-14,11,35,53.0,0.01,31.0,41,17,0.3932584225476582,0.235555554508642,1,1,0.30000000000000004,0,0.29263295649903875
2026-01-14,12,16,40.0,0.01,31.0,41,17,0.17977527887892947,0.17777777698765432,1,1,0.30000000000000004,0,0.17923220859181457
2026-01-14,13,25,30.0,0.01,31.0,41,17,0.2808988732483273,0.13333333274074075,1,1,0.30000000000000004,0,0.21140449278396953
2026-01-14,14,20,78.0,0.01,31.0,41,17,0.22471909859866182,0.3466666651259259,1,1,0.30000000000000004,0,0.2501235939071756
2026-01-14,15,30,99.0,0.01,31.0,41,17,0.33707864789799274,0.43999999804444445,1,1,0.30000000000000004,0,0.32868539096743005
2026-01-14,16,25,92.0,0.01,31.0,41,17,0.2808988732483273,0.408888887071605,1,1,0.30000000000000004,0,0.2940711590832288
2026-01-14,17,26,68.0,0.01,31.0,41,17,0.29213482817826036,0.30222222087901235,1,1,0.30000000000000004,1,0.3671273389439209
2026-01-14,18,30,41.0,0.01,31.0,41,17,0.33707864789799274,0.18222222141234568,1,1,0.30000000000000004,1,0.35135205797780045
2026-01-14,19,30,36.0,0.01,31.0,41,17,0.33707864789799274,0.1599999992888889,1,1,0.30000000000000004,1,0.3446853913407634
2026-01-14,20,27,14.0,0.01,31.0,41,17,0.30337078310819343,0.062222221945679015,1,1,0.30000000000000004,1,0.30018351898239076
2026-01-14,21,24,11.0,0.01,31.0,41,17,0.2696629183183942,0.04888888867160494,1,1,0.30000000000000004,0,0.18101497984475887
2026-01-14,22,25,6.0,0.01,31.0,41,17,0.2808988732483273,0.02666666654814815,1,1,0.30000000000000004,0,0.17940449292619176
2026-01-14,23,23,12.0,0.01,31.0,41,17,0.2584269633884611,0.0533333330962963,1,1,0.30000000000000004,0,0.1772921334536964
2026-01-15,0,30,3.0,0.0,17.0,24,11,0.33707864789799274,0.013333333274074075,0,1,0.1,0,0.17068539153631895
2026-01-15,1,13,2.0,0.0,17.0,24,11,0.14606741408913018,0.008888888849382716,0,1,0.1,0,0.08339700299492339
2026-01-15,2,14,2.0,0.0,17.0,24,11,0.15730336901906328,0.008888888849382716,0,1,0.1,0,0.0884531827133933
2026-01-15,3,4,0.0,0.0,17.0,24,11,0.04494381971973237,0.0,0,1,0.1,0,0.03522471887387957
2026-01-15,4,11,4.0,0.0,17.0,24,11,0.123595504229264,0.017777777698765432,0,1,0.1,0,0.07595131021279844
2026-01-15,5,16,4.0,0.0,17.0,24,11,0.17977527887892947,0.017777777698765432,0,1,0.1,0,0.10123220880514788
2026-01-15,6,11,5.0,0.0,17.0,24,11,0.123595504229264,0.02222222212345679,0,1,0.1,0,0.07728464354020584
2026-01-15,7,12,25.0,0.0,17.0,24,11,0.1348314591591971,0.11111111061728396,0,1,0.1,1,0.20900748980682388
2026-01-15,8,27,39.0,0.0,17.0,24,11,0.30337078310819343,0.17333333256296296,0,1,0.1,1,0.30351685216757596
2026-01-15,9,20,25.0,0.0,17.0,24,11,0.22471909859866182,0.11111111061728396,0,1,0.1,1,0.249456927554583
2026-01-15,10,23,14.0,0.0,17.0,24,11,0.2584269633884611,0.062222221945679015,0,1,0.1,1,0.2499588001085112
2026-01-15,11,33,14.0,0.0,17.0,24,11,0.370786512687792,0.062222221945679015,0,1,0.1,0,0.2005205972932101
2026-01-15,12,32,14.0,0.0,17.0,24,11,0.35955055775785894,0.062222221945679015,0,1,0.1,0,0.1954644175747402
2026-01-15,13,26,17.0,0.0,17.0,24,11,0.29213482817826036,0.07555555521975309,0,1,0.1,0,0.1691273392461431
2026-01-15,14,31,31.0,0.0,17.0,24,11,0.3483146028279258,0.1377777771654321,0,1,0.1,0,0.2130749044221963
2026-01-15,15,34,33.0,0.0,17.0,24,11,0.38202246761772507,0.14666666601481482,0,1,0.1,0,0.23091011023242075
2026-01-15,16,32,21.0,0.0,17.0,24,11,0.35955055775785894,0.09333333291851852,0,1,0.1,0,0.20479775086659208
2026-01-15,17,20,28.0,0.0,17.0,24,11,0.22471909859866182,0.12444444389135803,0,1,0.1,1,0.25345692753680527
2026-01-15,18,32,13.0,0.0,17.0,24,11,0.35955055775785894,0.05777777752098766,0,1,0.1,1,0.2941310842473328
2026-01-15,19,30,13.0,0.0,17.0,24,11,0.33707864789799274,0.05777777752098766,0,1,0.1,1,0.28401872481039303
2026-01-15,20,37,7.0,0.0,17.0,24,11,0.4157303324075244,0.031111110972839508,0,1,0.1,1,0.31141198287523786
2026-01-15,21,21,6.0,0.0,17.0,24,11,0.23595505352859492,0.02666666654814815,0,1,0.1,0,0.12917977405231218
2026-01-15,22,16,4.0,0.0,17.0,24,11,0.17977527887892947,0.017777777698765432,0,1,0.1,0,0.10123220880514788
2026-01-15,23,22,4.0,0.0,17.0,24,11,0.247191008458528,0.017777777698765432,0,1,0.1,0,0.13156928711596722
2026-01-16,0,32,3.0,0.06,28.0,36,22,0.35955055775785894,0.013333333274074075,1,1,0.30000000000000004,0,0.21079775097325876
2026-01-16,1,12,3.0,0.06,28.0,36,22,0.1348314591591971,0.013333333274074075,1,1,0.30000000000000004,0,0.10967415660386093
2026-01-16,2,10,2.0,0.06,28.0,36,22,0.11235954929933091,0.008888888849382716,1,1,0.30000000000000004,0,0.09822846383951372
2026-01-16,3,7,0.0,0.06,28.0,36,22,0.07865168450953164,0.0,1,1,0.30000000000000004,0,0.08039325802928925
2026-01-16,4,6,1.0,0.06,28.0,36,22,0.06741572957959854,0.004444444424691358,1,1,0.30000000000000004,0,0.07667041163822676
2026-01-16,5,10,4.0,0.06,28.0,36,22,0.11235954929933091,0.017777777698765432,1,1,0.30000000000000004,0,0.10089513049432855
2026-01-16,6,16,9.0,0.06,28.0,36,22,0.17977527887892947,0.03999999982222222,1,1,0.30000000000000004,0,0.13789887544218493
2026-01-16,7,10,10.0,0.06,28.0,36,22,0.11235954929933091,0.04444444424691358,1,1,0.30000000000000004,1,0.208895130458773
2026-01-16,8,29,15.0,0.06,28.0,36,22,0.3258426929680596,0.06666666637037037,1,1,0.30000000000000004,1,0.31162921174673797
2026-01-16,9,20,16.0,0.06,28.0,36,22,0.22471909859866182,0.07111111079506173,1,1,0.30000000000000004,1,0.26745692760791634
2026-01-16,10,28,16.0,0.06,28.0,36,22,0.31460673803812655,0.07111111079506173,1,1,0.30000000000000004,1,0.3079063653556755
2026-01-16,11,27,9.0,0.06,28.0,36,22,0.30337078310819343,0.03999999982222222,1,1,0.30000000000000004,0,0.19351685234535373
2026-01-16,12,43,11.0,0.06,28.0,36,22,0.4831460619871229,0.04888888867160494,1,1,0.30000000000000004,0,0.2770823944956868
2026-01-16,13,19,15.0,0.06,28.0,36,22,0.21348314366872873,0.06666666637037037,1,1,0.30000000000000004,0,0.16106741456203905
2026-01-16,14,31,21.0,0.06,28.0,36,22,0.3483146028279258,0.09333333291851852,1,1,0.30000000000000004,0,0.2297415711481222
2026-01-16,15,34,13.0,0.06,28.0,36,22,0.38202246761772507,0.05777777752098766,1,1,0.30000000000000004,0,0.2342434436842726
2026-01-16,16,37,22.0,0.06,28.0,36,22,0.4157303324075244,0.09777777734320987,1,1,0.30000000000000004,0,0.2614119827863489
2026-01-16,17,21,20.0,0.06,28.0,36,22,0.23595505352859492,0.08888888849382716,1,1,0.30000000000000004,1,0.2778464406360159
2026-01-16,18,31,16.0,0.06,28.0,36,22,0.3483146028279258,0.07111111079506173,1,1,0.30000000000000004,1,0.32307490451108517
2026-01-16,19,27,8.0,0.06,28.0,36,22,0.30337078310819343,0.035555555397530865,1,1,0.30000000000000004,1,0.2921835190179463
2026-01-16,20,30,13.0,0.06,28.0,36,22,0.33707864789799274,0.05777777752098766,1,1,0.30000000000000004,1,0.31401872481039306
2026-01-16,21,26,14.0,0.06,28.0,36,22,0.29213482817826036,0.062222221945679015,1,1,0.30000000000000004,0,0.19512733926392087
2026-01-16,22,19,12.0,0.06,28.0,36,22,0.21348314366872873,0.0533333330962963,1,1,0.30000000000000004,0,0.15706741457981682
2026-01-16,23,22,7.0,0.06,28.0,36,22,0.247191008458528,0.031111110972839508,1,1,0.30000000000000004,0,0.16556928709818947
2026-01-17,0,33,9.0,0.0,18.0,22,11,0.370786512687792,0.03999999982222222,0,1,0.1,0,0.19385393065617307
2026-01-17,1,19,7.0,0.0,18.0,22,11,0.21348314366872873,0.031111110972839508,0,1,0.1,0,0.12040074794277977
2026-01-17,2,15,3.0,0.0,18.0,22,11,0.16853932394899637,0.013333333274074075,0,1,0.1,0,0.0948426957592706
2026-01-17,3,14,8.0,0.0,18.0,22,11,0.15730336901906328,0.035555555397530865,0,1,0.1,0,0.09645318267783774
2026-01-17,4,15,5.0,0.0,18.0,22,11,0.16853932394899637,0.02222222212345679,0,1,0.1,0,0.09750936241408541
2026-01-17,5,12,1.0,0.0,18.0,22,11,0.1348314591591971,0.004444444424691358,0,1,0.1,0,0.0770074899490461
2026-01-17,6,5,4.0,0.0,18.0,22,11,0.056179774649665455,0.017777777698765432,0,1,0.1,0,0.04561423190197908
2026-01-17,7,10,3.0,0.0,18.0,22,11,0.11235954929933091,0.013333333274074075,0,1,0.1,1,0.16956179716692113
2026-01-17,8,19,16.0,0.0,18.0,22,11,0.21348314366872873,0.07111111079506173,0,1,0.1,1,0.23240074788944645
2026-01-17,9,24,11.0,0.0,18.0,22,11,0.2696629183183942,0.04888888867160494,0,1,0.1,1,0.25101497984475885
2026-01-17,10,24,12.0,0.0,18.0,22,11,0.2696629183183942,0.0533333330962963,0,1,0.1,1,0.2523483131721663
2026-01-17,11,26,13.0,0.0,18.0,22,11,0.29213482817826036,0.05777777752098766,0,1,0.1,0,0.16379400593651344
2026-01-17,12,27,13.0,0.0,18.0,22,11,0.30337078310819343,0.05777777752098766,0,1,0.1,0,0.16885018565498333
2026-01-17,13,32,20.0,0.0,18.0,22,11,0.35955055775785894,0.08888888849382716,0,1,0.1,0,0.20346441753918465
2026-01-17,14,28,13.0,0.0,18.0,22,11,0.31460673803812655,0.05777777752098766,0,1,0.1,0,0.17390636537345328
2026-01-17,15,28,14.0,0.0,18.0,22,11,0.31460673803812655,0.062222221945679015,0,1,0.1,0,0.17523969870086065
2026-01-17,16,23,11.0,0.0,18.0,22,11,0.2584269633884611,0.04888888867160494,0,1,0.1,0,0.14595880012628898
2026-01-17,17,28,17.0,0.0,18.0,22,11,0.31460673803812655,0.07555555521975309,0,1,0.1,1,0.27923969868308285
2026-01-17,18,15,17.0,0.0,18.0,22,11,0.16853932394899637,0.07555555521975309,0,1,0.1,1,0.2135093623429743
2026-01-17,19,23,12.0,0.0,18.0,22,11,0.2584269633884611,0.0533333330962963,0,1,0.1,1,0.2472921334536964
2026-01-17,20,32,10.0,0.0,18.0,22,11,0.35955055775785894,0.04444444424691358,0,1,0.1,1,0.2901310842651106
2026-01-17,21,19,7.0,0.0,18.0,22,11,0.21348314366872873,0.031111110972839508,0,1,0.1,0,0.12040074794277977
2026-01-17,22,24,11.0,0.0,18.0,22,11,0.2696629183183942,0.04888888867160494,0,1,0.1,0,0.15101497984475887
2026-01-17,23,32,12.0,0.0,18.0,22,11,0.35955055775785894,0.0533333330962963,0,1,0.1,0,0.1927977509199254
2026-01-18,0,32,9.0,0.0,12.0,18,5,0.35955055775785894,0.03999999982222222,0,1,0.1,0,0.18879775093770318
2026-01-18,1,21,8.0,0.0,12.0,18,5,0.23595505352859492,0.035555555397530865,0,1,0.1,0,0.13184644070712698
2026-01-18,2,18,10.0,0.0,12.0,18,5,0.20224718873879563,0.04444444424691358,0,1,0.1,0,0.11934456820653211
2026-01-18,3,15,7.0,0.0,12.0,18,5,0.16853932394899637,0.031111110972839508,0,1,0.1,0,0.10017602906890022
2026-01-18,4,20,7.0,0.0,12.0,18,5,0.22471909859866182,0.031111110972839508,0,1,0.1,0,0.12545692766124966
2026-01-18,5,16,6.0,0.0,12.0,18,5,0.17977527887892947,0.02666666654814815,0,1,0.1,0,0.10389887545996271
2026-01-18,6,5,4.0,0.0,12.0,18,5,0.056179774649665455,0.017777777698765432,0,1,0.1,0,0.04561423190197908
2026-01-18,7,6,3.0,0.0,12.0,18,5,0.06741572957959854,0.013333333274074075,0,1,0.1,1,0.14933707829304158
2026-01-18,8,18,8.0,0.0,12.0,18,5,0.20224718873879563,0.035555555397530865,0,1,0.1,1,0.2166779015517173
2026-01-18,9,12,9.0,0.0,12.0,18,5,0.1348314591591971,0.03999999982222222,0,1,0.1,1,0.18767415656830538
2026-01-18,10,23,17.0,0.0,12.0,18,5,0.2584269633884611,0.07555555521975309,0,1,0.1,1,0.25395880009073346
2026-01-18,11,27,14.0,0.0,12.0,18,5,0.30337078310819343,0.062222221945679015,0,1,0.1,0,0.17018351898239076
2026-01-18,12,31,12.0,0.0,12.0,18,5,0.3483146028279258,0.0533333330962963,0,1,0.1,0,0.18774157120145551
2026-01-18,13,23,8.0,0.0,12.0,18,5,0.2584269633884611,0.035555555397530865,0,1,0.1,0,0.14195880014406675
2026-01-18,14,21,8.0,0.0,12.0,18,5,0.23595505352859492,0.035555555397530865,0,1,0.1,0,0.13184644070712698
2026-01-18,15,30,14.0,0.0,12.0,18,5,0.33707864789799274,0.062222221945679015,0,1,0.1,0,0.18535205813780042
2026-01-18,16,27,17.0,0.0,12.0,18,5,0.30337078310819343,0.07555555521975309,0,1,0.1,0,0.17418351896461298
2026-01-18,17,28,16.0,0.0,12.0,18,5,0.31460673803812655,0.07111111079506173,0,1,0.1,1,0.2779063653556755
2026-01-18,18,22,12.0,0.0,12.0,18,5,0.247191008458528,0.0533333330962963,0,1,0.1,1,0.24223595373522652
2026-01-18,19,20,12.0,0.0,12.0,18,5,0.22471909859866182,0.0533333330962963,0,1,0.1,1,0.2321235942982867
2026-01-18,20,25,10.0,0.0,12.0,18,5,0.2808988732483273,0.04444444424691358,0,1,0.1,1,0.2547378262358214
2026-01-18,21,26,12.0,0.0,12.0,18,5,0.29213482817826036,0.0533333330962963,0,1,0.1,0,0.16246067260910607
2026-01-18,22,27,19.0,0.0,12.0,18,5,0.30337078310819343,0.0844444440691358,0,1,0.1,0,0.17685018561942778
2026-01-18,23,16,9.0,0.0,12.0,18,5,0.17977527887892947,0.03999999982222222,0,1,0.1,0,0.10789887544218492
2026-01-19,0,36,10.0,0.0,7.0,18,-2,0.40449437747759126,0.04444444424691358,0,1,0.1,0,0.21035580313899016
2026-01-19,1,22,5.0,0.0,7.0,18,-2,0.247191008458528,0.02222222212345679,0,1,0.1,0,0.13290262044337464
2026-01-19,2,17,7.0,0.0,7.0,18,-2,0.19101123380886253,0.031111110972839508,0,1,0.1,0,0.11028838850584
2026-01-19,3,11,3.0,0.0,7.0,18,-2,0.123595504229264,0.013333333274074075,0,1,0.1,0,0.07461797688539103
2026-01-19,4,10,5.0,0.0,7.0,18,-2,0.11235954929933091,0.02222222212345679,0,1,0.1,0,0.07222846382173595
2026-01-19,5,9,5.0,0.0,7.0,18,-2,0.10112359436939782,0.02222222212345679,0,1,0.1,0,0.06717228410326606
2026-01-19,6,13,8.0,0.0,7.0,18,-2,0.14606741408913018,0.035555555397530865,0,1,0.1,0,0.09139700295936784
2026-01-19,7,15,9.0,0.0,7.0,18,-2,0.16853932394899637,0.03999999982222222,0,1,0.1,1,0.20284269572371505
2026-01-19,8,15,7.0,0.0,7.0,18,-2,0.16853932394899637,0.031111110972839508,0,1,0.1,1,0.20017602906890022
2026-01-19,9,24,15.0,0.0,7.0,18,-2,0.2696629183183942,0.06666666637037037,0,1,0.1,1,0.25634831315438855
2026-01-19,10,19,10.0,0.0,7.0,18,-2,0.21348314366872873,0.04444444424691358,0,1,0.1,1,0.224400747925002
2026-01-19,11,27,20.0,0.0,7.0,18,-2,0.30337078310819343,0.08888888849382716,0,1,0.1,0,0.1781835189468352
2026-01-19,12,30,16.0,0.0,7.0,18,-2,0.33707864789799274,0.07111111079506173,0,1,0.1,0,0.18801872479261528
2026-01-19,13,16,23.0,0.0,7.0,18,-2,0.17977527887892947,0.10222222176790124,0,1,0.1,0,0.12656554202588863
2026-01-19,14,18,18.0,0.0,7.0,18,-2,0.20224718873879563,0.07999999964444444,0,1,0.1,0,0.13001123482579136
2026-01-19,15,21,24.0,0.0,7.0,18,-2,0.23595505352859492,0.1066666661925926,0,1,0.1,0,0.15317977394564553
2026-01-19,16,32,20.0,0.0,7.0,18,-2,0.35955055775785894,0.08888888849382716,0,1,0.1,0,0.20346441753918465
2026-01-19,17,32,16.0,0.0,7.0,18,-2,0.35955055775785894,0.07111111079506173,0,1,0.1,1,0.29813108422955503
2026-01-19,18,22,21.0,0.0,7.0,18,-2,0.247191008458528,0.09333333291851852,0,1,0.1,1,0.2542359536818931
2026-01-19,19,16,17.0,0.0,7.0,18,-2,0.17977527887892947,0.07555555521975309,0,1,0.1,1,0.21856554206144418
2026-01-19,20,25,7.0,0.0,7.0,18,-2,0.2808988732483273,0.031111110972839508,0,1,0.1,1,0.2507378262535992
2026-01-19,21,16,6.0,0.0,7.0,18,-2,0.17977527887892947,0.02666666654814815,0,1,0.1,0,0.10389887545996271
2026-01-19,22,12,8.0,0.0,7.0,18,-2,0.1348314591591971,0.035555555397530865,0,1,0.1,0,0.08634082324089795
2026-01-19,23,14,6.0,0.0,7.0,18,-2,0.15730336901906328,0.02666666654814815,0,1,0.1,0,0.09378651602302293
2026-01-20,0,34,2.0,0.0,7.0,25,-1,0.38202246761772507,0.008888888849382716,0,1,0.1,0,0.18957677708279114
2026-01-20,1,7,1.0,0.0,7.0,25,-1,0.07865168450953164,0.004444444424691358,0,1,0.1,0,0.05172659135669665
2026-01-20,2,9,4.0,0.0,7.0,25,-1,0.10112359436939782,0.017777777698765432,0,1,0.1,0,0.06583895077585865
2026-01-20,3,8,0.0,0.0,7.0,25,-1,0.08988763943946473,0.0,0,1,0.1,0,0.05544943774775913
2026-01-20,4,7,5.0,0.0,7.0,25,-1,0.07865168450953164,0.02222222212345679,0,1,0.1,0,0.05705992466632628
2026-01-20,5,9,5.0,0.0,7.0,25,-1,0.10112359436939782,0.02222222212345679,0,1,0.1,0,0.06717228410326606
2026-01-20,6,13,13.0,0.0,7.0,25,-1,0.14606741408913018,0.05777777752098766,0,1,0.1,0,0.09806366959640488
2026-01-20,7,16,50.0,0.0,7.0,25,-1,0.17977527887892947,0.22222222123456792,0,1,0.1,1,0.26256554186588865
2026-01-20,8,22,58.0,0.0,7.0,25,-1,0.247191008458528,0.2577777766320988,0,1,0.1,1,0.3035692867959673
2026-01-20,9,21,42.0,0.0,7.0,25,-1,0.23595505352859492,0.18666666583703703,0,1,0.1,1,0.27717977383897885
2026-01-20,10,23,23.0,0.0,7.0,25,-1,0.2584269633884611,0.10222222176790124,0,1,0.1,1,0.2619588000551779
2026-01-20,11,19,18.0,0.0,7.0,25,-1,0.21348314366872873,0.07999999964444444,0,1,0.1,0,0.13506741454426124
2026-01-20,12,30,21.0,0.0,7.0,25,-1,0.33707864789799274,0.09333333291851852,0,1,0.1,0,0.1946853914296523
2026-01-20,13,22,17.0,0.0,7.0,25,-1,0.247191008458528,0.07555555521975309,0,1,0.1,0,0.14890262037226354
2026-01-20,14,24,23.0,0.0,7.0,25,-1,0.2696629183183942,0.10222222176790124,0,1,0.1,0,0.16701497977364776
2026-01-20,15,32,25.0,0.0,7.0,25,-1,0.35955055775785894,0.11111111061728396,0,1,0.1,0,0.21013108417622173
2026-01-20,16,36,18.0,0.0,7.0,25,-1,0.40449437747759126,0.07999999964444444,0,1,0.1,0,0.2210224697582494
2026-01-20,17,41,29.0,0.0,7.0,25,-1,0.4606741521272567,0.1288888883160494,0,1,0.1,1,0.36097003495208035
2026-01-20,18,35,20.0,0.0,7.0,25,-1,0.3932584225476582,0.08888888849382716,0,1,0.1,1,0.31863295669459435
2026-01-20,19,34,10.0,0.0,7.0,25,-1,0.38202246761772507,0.04444444424691358,0,1,0.1,1,0.30024344370205036
2026-01-20,20,28,3.0,0.0,7.0,25,-1,0.31460673803812655,0.013333333274074075,0,1,0.1,1,0.2605730320993792
2026-01-20,21,30,6.0,0.0,7.0,25,-1,0.33707864789799274,0.02666666654814815,0,1,0.1,0,0.17468539151854118
2026-01-20,22,15,4.0,0.0,7.0,25,-1,0.16853932394899637,0.017777777698765432,0,1,0.1,0,0.096176029086678
2026-01-20,23,11,1.0,0.0,7.0,25,-1,0.123595504229264,0.004444444424691358,0,1,0.1,0,0.07195131023057622
2026-01-21,0,25,3.0,0.01,25.0,30,23,0.2808988732483273,0.013333333274074075,1,1,0.30000000000000004,0,0.17540449294396954
2026-01-21,1,10,3.0,0.01,25.0,30,23,0.11235954929933091,0.013333333274074075,1,1,0.30000000000000004,0,0.09956179716692114
2026-01-21,2,16,2.0,0.01,25.0,30,23,0.17977527887892947,0.008888888849382716,1,1,0.30000000000000004,0,0.12856554215033308
2026-01-21,3,10,1.0,0.01,25.0,30,23,0.11235954929933091,0.004444444424691358,1,1,0.30000000000000004,0,0.09689513051210633
2026-01-21,4,10,2.0,0.01,25.0,30,23,0.11235954929933091,0.008888888849382716,1,1,0.30000000000000004,0,0.09822846383951372
2026-01-21,5,7,0.0,0.01,25.0,30,23,0.07865168450953164,0.0,1,1,0.30000000000000004,0,0.08039325802928925
2026-01-21,6,13,10.0,0.01,25.0,30,23,0.14606741408913018,0.04444444424691358,1,1,0.30000000000000004,0,0.12406366961418266
2026-01-21,7,14,12.0,0.01,25.0,30,23,0.15730336901906328,0.0533333330962963,1,1,0.30000000000000004,1,0.23178651598746738
2026-01-21,8,30,31.0,0.01,25.0,30,23,0.33707864789799274,0.1377777771654321,1,1,0.30000000000000004,1,0.3380187247037264
2026-01-21,9,19,14.0,0.01,25.0,30,23,0.21348314366872873,0.062222221945679015,1,1,0.30000000000000004,1,0.25973408123463165
2026-01-21,10,34,6.0,0.01,25.0,30,23,0.38202246761772507,0.02666666654814815,1,1,0.30000000000000004,1,0.3249101103924208
2026-01-21,11,26,14.0,0.01,25.0,30,23,0.29213482817826036,0.062222221945679015,1,1,0.30000000000000004,0,0.19512733926392087
2026-01-21,12,37,11.0,0.01,25.0,30,23,0.4157303324075244,0.04888888867160494,1,1,0.30000000000000004,0,0.24674531618486745
2026-01-21,13,32,18.0,0.01,25.0,30,23,0.35955055775785894,0.07999999964444444,1,1,0.30000000000000004,0,0.23079775088436985
2026-01-21,14,24,16.0,0.01,25.0,30,23,0.2696629183183942,0.07111111079506173,1,1,0.30000000000000004,0,0.18768164648179592
2026-01-21,15,36,18.0,0.01,25.0,30,23,0.40449437747759126,0.07999999964444444,1,1,0.30000000000000004,0,0.2510224697582494
2026-01-21,16,32,22.0,0.01,25.0,30,23,0.35955055775785894,0.09777777734320987,1,1,0.30000000000000004,0,0.2361310841939995
2026-01-21,17,23,26.0,0.01,25.0,30,23,0.2584269633884611,0.11555555504197532,1,1,0.30000000000000004,1,0.2959588000374001
2026-01-21,18,39,21.0,0.01,25.0,30,23,0.4382022422673906,0.09333333291851852,1,1,0.30000000000000004,1,0.3701910088958813
2026-01-21,19,35,18.0,0.01,25.0,30,23,0.3932584225476582,0.07999999964444444,1,1,0.30000000000000004,1,0.3459662900397795
2026-01-21,20,24,8.0,0.01,25.0,30,23,0.2696629183183942,0.035555555397530865,1,1,0.30000000000000004,1,0.27701497986253665
2026-01-21,21,21,9.0,0.01,25.0,30,23,0.23595505352859492,0.03999999982222222,1,1,0.30000000000000004,0,0.1631797740345344
2026-01-21,22,22,8.0,0.01,25.0,30,23,0.247191008458528,0.035555555397530865,1,1,0.30000000000000004,0,0.16690262042559686
2026-01-21,23,17,10.0,0.01,25.0,30,23,0.19101123380886253,0.04444444424691358,1,1,0.30000000000000004,0,0.14428838848806222
2026-01-22,0,43,7.0,0.0,20.0,24,4,0.4831460619871229,0.031111110972839508,0,1,0.1,0,0.24174906118605716
2026-01-22,1,13,2.0,0.0,20.0,24,4,0.14606741408913018,0.008888888849382716,0,1,0.1,0,0.08339700299492339
2026-01-22,2,8,2.0,0.0,20.0,24,4,0.08988763943946473,0.008888888849382716,0,1,0.1,0,0.05811610440257394
2026-01-22,3,7,3.0,0.0,20.0,24,4,0.07865168450953164,0.013333333274074075,0,1,0.1,0,0.054393258011511465
2026-01-22,4,9,1.0,0.0,20.0,24,4,0.10112359436939782,0.004444444424691358,0,1,0.1,0,0.061838950793636424
2026-01-22,5,6,2.0,0.0,20.0,24,4,0.06741572957959854,0.008888888849382716,0,1,0.1,0,0.04800374496563416
2026-01-22,6,9,8.0,0.0,20.0,24,4,0.10112359436939782,0.035555555397530865,0,1,0.1,0,0.07117228408548829
2026-01-22,7,20,26.0,0.0,20.0,24,4,0.22471909859866182,0.11555555504197532,0,1,0.1,1,0.2507902608819904
2026-01-22,8,22,30.0,0.0,20.0,24,4,0.247191008458528,0.13333333274074075,0,1,0.1,1,0.2662359536285598
2026-01-22,9,23,18.0,0.0,20.0,24,4,0.2584269633884611,0.07999999964444444,0,1,0.1,1,0.25529213341814083
2026-01-22,10,23,10.0,0.0,20.0,24,4,0.2584269633884611,0.04444444424691358,0,1,0.1,1,0.24462546679888156
2026-01-22,11,27,15.0,0.0,20.0,24,4,0.30337078310819343,0.06666666637037037,0,1,0.1,0,0.17151685230979818
2026-01-22,12,39,10.0,0.0,20.0,24,4,0.4382022422673906,0.04444444424691358,0,1,0.1,0,0.22552434229439983
2026-01-22,13,30,16.0,0.0,20.0,24,4,0.33707864789799274,0.07111111079506173,0,1,0.1,0,0.18801872479261528
2026-01-22,14,32,14.0,0.0,20.0,24,4,0.35955055775785894,0.062222221945679015,0,1,0.1,0,0.1954644175747402
2026-01-22,15,24,33.0,0.0,20.0,24,4,0.2696629183183942,0.14666666601481482,0,1,0.1,0,0.1803483130477218
2026-01-22,16,35,17.0,0.0,20.0,24,4,0.3932584225476582,0.07555555521975309,0,1,0.1,0,0.2146329567123721
2026-01-22,17,24,30.0,0.0,20.0,24,4,0.2696629183183942,0.13333333274074075,0,1,0.1,1,0.27634831306549956
2026-01-22,18,28,18.0,0.0,20.0,24,4,0.31460673803812655,0.07999999964444444,0,1,0.1,1,0.28057303201049033
2026-01-22,19,18,12.0,0.0,20.0,24,4,0.20224718873879563,0.0533333330962963,0,1,0.1,1,0.22201123486134694
2026-01-22,20,17,10.0,0.0,20.0,24,4,0.19101123380886253,0.04444444424691358,0,1,0.1,1,0.21428838848806223
2026-01-22,21,10,3.0,0.0,20.0,24,4,0.11235954929933091,0.013333333274074075,0,1,0.1,0,0.06956179716692112
2026-01-22,22,15,4.0,0.0,20.0,24,4,0.16853932394899637,0.017777777698765432,0,1,0.1,0,0.096176029086678
2026-01-22,23,13,4.0,0.0,20.0,24,4,0.14606741408913018,0.017777777698765432,0,1,0.1,0,0.0860636696497382
2026-01-23,0,25,1.0,0.0,-3.0,4,-12,0.2808988732483273,0.004444444424691358,0,1,0.1,0,0.1427378262891547
2026-01-23,1,15,4.0,0.0,-3.0,4,-12,0.16853932394899637,0.017777777698765432,0,1,0.1,0,0.096176029086678
2026-01-23,2,9,3.0,0.0,-3.0,4,-12,0.10112359436939782,0.013333333274074075,0,1,0.1,0,0.06450561744845124
2026-01-23,3,11,2.0,0.0,-3.0,4,-12,0.123595504229264,0.008888888849382716,0,1,0.1,0,0.07328464355798361
2026-01-23,4,12,3.0,0.0,-3.0,4,-12,0.1348314591591971,0.013333333274074075,0,1,0.1,0,0.07967415660386092
2026-01-23,5,4,1.0,0.0,-3.0,4,-12,0.04494381971973237,0.004444444424691358,0,1,0.1,0,0.03655805220128697
2026-01-23,6,6,2.0,0.0,-3.0,4,-12,0.06741572957959854,0.008888888849382716,0,1,0.1,0,0.04800374496563416
2026-01-23,7,12,6.0,0.0,-3.0,4,-12,0.1348314591591971,0.02666666654814815,0,1,0.1,1,0.18367415658608316
2026-01-23,8,10,2.0,0.0,-3.0,4,-12,0.11235954929933091,0.008888888849382716,0,1,0.1,1,0.16822846383951373
2026-01-23,9,17,11.0,0.0,-3.0,4,-12,0.19101123380886253,0.04888888867160494,0,1,0.1,1,0.21562172181546962
2026-01-23,10,23,12.0,0.0,-3.0,4,-12,0.2584269633884611,0.0533333330962963,0,1,0.1,1,0.2472921334536964
2026-01-23,11,23,6.0,0.0,-3.0,4,-12,0.2584269633884611,0.02666666654814815,0,1,0.1,0,0.13929213348925196
2026-01-23,12,26,18.0,0.0,-3.0,4,-12,0.29213482817826036,0.07999999964444444,0,1,0.1,0,0.17046067257355052
2026-01-23,13,25,12.0,0.0,-3.0,4,-12,0.2808988732483273,0.0533333330962963,0,1,0.1,0,0.15740449289063618
2026-01-23,14,22,9.0,0.0,-3.0,4,-12,0.247191008458528,0.03999999982222222,0,1,0.1,0,0.1382359537530043
2026-01-23,15,30,10.0,0.0,-3.0,4,-12,0.33707864789799274,0.04444444424691358,0,1,0.1,0,0.18001872482817083
2026-01-23,16,25,13.0,0.0,-3.0,4,-12,0.2808988732483273,0.05777777752098766,0,1,0.1,0,0.1587378262180436
2026-01-23,17,22,17.0,0.0,-3.0,4,-12,0.247191008458528,0.07555555521975309,0,1,0.1,1,0.24890262037226354
2026-01-23,18,33,13.0,0.0,-3.0,4,-12,0.370786512687792,0.05777777752098766,0,1,0.1,1,0.29918726396580275
2026-01-23,19,26,6.0,0.0,-3.0,4,-12,0.29213482817826036,0.02666666654814815,0,1,0.1,1,0.25446067264466166
2026-01-23,20,23,13.0,0.0,-3.0,4,-12,0.2584269633884611,0.05777777752098766,0,1,0.1,1,0.24862546678110378
2026-01-23,21,18,9.0,0.0,-3.0,4,-12,0.20224718873879563,0.03999999982222222,0,1,0.1,0,0.1180112348791247
2026-01-23,22,17,8.0,0.0,-3.0,4,-12,0.19101123380886253,0.035555555397530865,0,1,0.1,0,0.11162172183324741
2026-01-23,23,20,9.0,0.0,-3.0,4,-12,0.22471909859866182,0.03999999982222222,0,1,0.1,0,0.12812359431606446
2026-01-24,0,30,6.0,0.0,-5.0,5,-10,0.33707864789799274,0.02666666654814815,0,1,0.1,0,0.17468539151854118
2026-01-24,1,29,4.0,0.0,-5.0,5,-10,0.3258426929680596,0.017777777698765432,0,1,0.1,0,0.16696254514525644
2026-01-24,2,12,1.0,0.0,-5.0,5,-10,0.1348314591591971,0.004444444424691358,0,1,0.1,0,0.0770074899490461
2026-01-24,3,15,1.0,0.0,-5.0,5,-10,0.16853932394899637,0.004444444424691358,0,1,0.1,0,0.09217602910445578
2026-01-24,4,9,5.0,0.0,-5.0,5,-10,0.10112359436939782,0.02222222212345679,0,1,0.1,0,0.06717228410326606
2026-01-24,5,16,3.0,0.0,-5.0,5,-10,0.17977527887892947,0.013333333274074075,0,1,0.1,0,0.09989887547774048
2026-01-24,6,14,4.0,0.0,-5.0,5,-10,0.15730336901906328,0.017777777698765432,0,1,0.1,0,0.0911198493682081
2026-01-24,7,9,3.0,0.0,-5.0,5,-10,0.10112359436939782,0.013333333274074075,0,1,0.1,1,0.16450561744845124
2026-01-24,8,15,4.0,0.0,-5.0,5,-10,0.16853932394899637,0.017777777698765432,0,1,0.1,1,0.196176029086678
2026-01-24,9,16,7.0,0.0,-5.0,5,-10,0.17977527887892947,0.031111110972839508,0,1,0.1,1,0.2052322087873701
2026-01-24,10,21,8.0,0.0,-5.0,5,-10,0.23595505352859492,0.035555555397530865,0,1,0.1,1,0.23184644070712698
2026-01-24,11,21,12.0,0.0,-5.0,5,-10,0.23595505352859492,0.0533333330962963,0,1,0.1,0,0.13717977401675663
2026-01-24,12,27,18.0,0.0,-5.0,5,-10,0.30337078310819343,0.07999999964444444,0,1,0.1,0,0.1755168522920204
2026-01-24,13,32,6.0,0.0,-5.0,5,-10,0.35955055775785894,0.02666666654814815,0,1,0.1,0,0.18479775095548095
2026-01-24,14,23,12.0,0.0,-5.0,5,-10,0.2584269633884611,0.0533333330962963,0,1,0.1,0,0.1472921334536964
2026-01-24,15,35,20.0,0.0,-5.0,5,-10,0.3932584225476582,0.08888888849382716,0,1,0.1,0,0.21863295669459432
2026-01-24,16,27,18.0,0.0,-5.0,5,-10,0.30337078310819343,0.07999999964444444,0,1,0.1,0,0.1755168522920204
2026-01-24,17,27,10.0,0.0,-5.0,5,-10,0.30337078310819343,0.04444444424691358,0,1,0.1,1,0.2648501856727611
2026-01-24,18,26,30.0,0.0,-5.0,5,-10,0.29213482817826036,0.13333333274074075,0,1,0.1,1,0.28646067250243934
2026-01-24,19,20,17.0,0.0,-5.0,5,-10,0.22471909859866182,0.07555555521975309,0,1,0.1,1,0.23879026093532377
2026-01-24,20,21,15.0,0.0,-5.0,5,-10,0.23595505352859492,0.06666666637037037,0,1,0.1,1,0.24117977399897886
2026-01-24,21,19,14.0,0.0,-5.0,5,-10,0.21348314366872873,0.062222221945679015,0,1,0.1,0,0.12973408123463165
2026-01-24,22,20,24.0,0.0,-5.0,5,-10,0.22471909859866182,0.1066666661925926,0,1,0.1,0,0.14812359422717558
2026-01-24,23,16,17.0,0.0,-5.0,5,-10,0.17977527887892947,0.07555555521975309,0,1,0.1,0,0.11856554206144419
2026-01-25,0,33,12.0,0.0,7.0,14,4,0.370786512687792,0.0533333330962963,0,1,0.1,0,0.1978539306383953
2026-01-25,1,22,11.0,0.0,7.0,14,4,0.247191008458528,0.04888888867160494,0,1,0.1,0,0.1409026204078191
2026-01-25,2,20,13.0,0.0,7.0,14,4,0.22471909859866182,0.05777777752098766,0,1,0.1,0,0.1334569276256941
2026-01-25,3,13,15.0,0.0,7.0,14,4,0.14606741408913018,0.06666666637037037,0,1,0.1,0,0.10073033625121969
2026-01-25,4,11,0.0,0.0,7.0,14,4,0.123595504229264,0.0,0,1,0.1,0,0.0706179769031688
2026-01-25,5,9,5.0,0.0,7.0,14,4,0.10112359436939782,0.02222222212345679,0,1,0.1,0,0.06717228410326606
2026-01-25,6,8,10.0,0.0,7.0,14,4,0.08988763943946473,0.04444444424691358,0,1,0.1,0,0.0687827710218332
2026-01-25,7,9,10.0,0.0,7.0,14,4,0.10112359436939782,0.04444444424691358,0,1,0.1,1,0.1738389507403031
2026-01-25,8,14,15.0,0.0,7.0,14,4,0.15730336901906328,0.06666666637037037,0,1,0.1,1,0.2057865159696896
2026-01-25,9,15,19.0,0.0,7.0,14,4,0.16853932394899637,0.0844444440691358,0,1,0.1,1,0.21617602899778912
2026-01-25,10,20,15.0,0.0,7.0,14,4,0.22471909859866182,0.06666666637037037,0,1,0.1,1,0.2361235942805089
2026-01-25,11,9,17.0,0.0,7.0,14,4,0.10112359436939782,0.07555555521975309,0,1,0.1,0,0.08317228403215494
2026-01-25,12,27,13.0,0.0,7.0,14,4,0.30337078310819343,0.05777777752098766,0,1,0.1,0,0.16885018565498333
2026-01-25,13,24,16.0,0.0,7.0,14,4,0.2696629183183942,0.07111111079506173,0,1,0.1,0,0.1576816464817959
2026-01-25,14,21,26.0,0.0,7.0,14,4,0.23595505352859492,0.11555555504197532,0,1,0.1,0,0.15584644060046032
2026-01-25,15,14,25.0,0.0,7.0,14,4,0.15730336901906328,0.11111111061728396,0,1,0.1,0,0.11911984924376366
2026-01-25,16,21,15.0,0.0,7.0,14,4,0.23595505352859492,0.06666666637037037,0,1,0.1,0,0.14117977399897885
2026-01-25,17,17,10.0,0.0,7.0,14,4,0.19101123380886253,0.04444444424691358,0,1,0.1,1,0.21428838848806223
2026-01-25,18,20,16.0,0.0,7.0,14,4,0.22471909859866182,0.07111111079506173,0,1,0.1,1,0.23745692760791634
2026-01-25,19,19,9.0,0.0,7.0,14,4,0.21348314366872873,0.03999999982222222,0,1,0.1,1,0.2230674145975946
2026-01-25,20,21,6.0,0.0,7.0,14,4,0.23595505352859492,0.02666666654814815,0,1,0.1,1,0.22917977405231219
2026-01-25,21,15,13.0,0.0,7.0,14,4,0.16853932394899637,0.05777777752098766,0,1,0.1,0,0.10817602903334467
2026-01-25,22,20,6.0,0.0,7.0,14,4,0.22471909859866182,0.02666666654814815,0,1,0.1,0,0.12412359433384226
2026-01-25,23,15,5.0,0.0,7.0,14,4,0.16853932394899637,0.02222222212345679,0,1,0.1,0,0.09750936241408541
2026-01-26,0,31,6.0,0.0,0.0,9,-3,0.3483146028279258,0.02666666654814815,0,1,0.1,0,0.17974157123701107
2026-01-26,1,14,2.0,0.0,0.0,9,-3,0.15730336901906328,0.008888888849382716,0,1,0.1,0,0.0884531827133933
2026-01-26,2,10,2.0,0.0,0.0,9,-3,0.11235954929933091,0.008888888849382716,0,1,0.1,0,0.06822846383951373
2026-01-26,3,7,2.0,0.0,0.0,9,-3,0.07865168450953164,0.008888888849382716,0,1,0.1,0,0.05305992468410405
2026-01-26,4,7,0.0,0.0,0.0,9,-3,0.07865168450953164,0.0,0,1,0.1,0,0.05039325802928924
2026-01-26,5,5,1.0,0.0,0.0,9,-3,0.056179774649665455,0.004444444424691358,0,1,0.1,0,0.041614231919756856
2026-01-26,6,10,8.0,0.0,0.0,9,-3,0.11235954929933091,0.035555555397530865,0,1,0.1,0,0.07622846380395817
2026-01-26,7,17,18.0,0.0,0.0,9,-3,0.19101123380886253,0.07999999964444444,0,1,0.1,1,0.2249550551073215
2026-01-26,8,18,35.0,0.0,0.0,9,-3,0.20224718873879563,0.15555555486419753,0,1,0.1,1,0.2526779013917173
2026-01-26,9,24,21.0,0.0,0.0,9,-3,0.2696629183183942,0.09333333291851852,0,1,0.1,1,0.2643483131188329
2026-01-26,10,23,15.0,0.0,0.0,9,-3,0.2584269633884611,0.06666666637037037,0,1,0.1,1,0.2512921334359186
2026-01-26,11,31,5.0,0.0,0.0,9,-3,0.3483146028279258,0.02222222212345679,0,1,0.1,0,0.1784082379096037
2026-01-26,12,26,15.0,0.0,0.0,9,-3,0.29213482817826036,0.06666666637037037,0,1,0.1,0,0.1664606725913283
2026-01-26,13,27,15.0,0.0,0.0,9,-3,0.30337078310819343,0.06666666637037037,0,1,0.1,0,0.17151685230979818
2026-01-26,14,14,24.0,0.0,0.0,9,-3,0.15730336901906328,0.1066666661925926,0,1,0.1,0,0.11778651591635626
2026-01-26,15,30,23.0,0.0,0.0,9,-3,0.33707864789799274,0.10222222176790124,0,1,0.1,0,0.1973520580844671
2026-01-26,16,29,26.0,0.0,0.0,9,-3,0.3258426929680596,0.11555555504197532,0,1,0.1,0,0.19629587834821943
2026-01-26,17,16,27.0,0.0,0.0,9,-3,0.17977527887892947,0.11999999946666667,0,1,0.1,1,0.23189887533551826
2026-01-26,18,28,20.0,0.0,0.0,9,-3,0.31460673803812655,0.08888888849382716,0,1,0.1,1,0.2832396986653051
2026-01-26,19,36,8.0,0.0,0.0,9,-3,0.40449437747759126,0.035555555397530865,0,1,0.1,1,0.3076891364841753
2026-01-26,20,14,14.0,0.0,0.0,9,-3,0.15730336901906328,0.062222221945679015,0,1,0.1,1,0.20445318264228218
2026-01-26,21,26,2.0,0.0,0.0,9,-3,0.29213482817826036,0.008888888849382716,0,1,0.1,0,0.14912733933503197
2026-01-26,22,10,6.0,0.0,0.0,9,-3,0.11235954929933091,0.02666666654814815,0,1,0.1,0,0.07356179714914335
2026-01-26,23,19,8.0,0.0,0.0,9,-3,0.21348314366872873,0.035555555397530865,0,1,0.1,0,0.12173408127018719
2026-01-27,0,27,4.0,0.0,0.0,14,2,0.30337078310819343,0.017777777698765432,0,1,0.1,0,0.15685018570831666
2026-01-27,1,8,2.0,0.0,0.0,14,2,0.08988763943946473,0.008888888849382716,0,1,0.1,0,0.05811610440257394
2026-01-27,2,10,2.0,0.0,0.0,14,2,0.11235954929933091,0.008888888849382716,0,1,0.1,0,0.06822846383951373
2026-01-27,3,4,2.0,0.0,0.0,14,2,0.04494381971973237,0.008888888849382716,0,1,0.1,0,0.03789138552869438
2026-01-27,4,11,0.0,0.0,0.0,14,2,0.123595504229264,0.0,0,1,0.1,0,0.0706179769031688
2026-01-27,5,13,2.0,0.0,0.0,14,2,0.14606741408913018,0.008888888849382716,0,1,0.1,0,0.08339700299492339
2026-01-27,6,7,7.0,0.0,0.0,14,2,0.07865168450953164,0.031111110972839508,0,1,0.1,0,0.059726591321141095
2026-01-27,7,7,16.0,0.0,0.0,14,2,0.07865168450953164,0.07111111079506173,0,1,0.1,1,0.17172659126780776
2026-01-27,8,18,26.0,0.0,0.0,14,2,0.20224718873879563,0.11555555504197532,0,1,0.1,1,0.24067790144505066
2026-01-27,9,20,22.0,0.0,0.0,14,2,0.22471909859866182,0.09777777734320987,0,1,0.1,1,0.2454569275723608
2026-01-27,10,31,10.0,0.0,0.0,14,2,0.3483146028279258,0.04444444424691358,0,1,0.1,1,0.28507490454664075
2026-01-27,11,33,11.0,0.0,0.0,14,2,0.370786512687792,0.04888888867160494,0,1,0.1,0,0.19652059731098787
2026-01-27,12,32,20.0,0.0,0.0,14,2,0.35955055775785894,0.08888888849382716,0,1,0.1,0,0.20346441753918465
2026-01-27,13,27,19.0,0.0,0.0,14,2,0.30337078310819343,0.0844444440691358,0,1,0.1,0,0.17685018561942778
2026-01-27,14,23,27.0,0.0,0.0,14,2,0.2584269633884611,0.11999999946666667,0,1,0.1,0,0.16729213336480747
2026-01-27,15,42,39.0,0.0,0.0,14,2,0.47191010705718983,0.17333333256296296,0,1,0.1,0,0.27935954794462436
2026-01-27,16,34,33.0,0.0,0.0,14,2,0.38202246761772507,0.14666666601481482,0,1,0.1,0,0.23091011023242075
2026-01-27,17,33,25.0,0.0,0.0,14,2,0.370786512687792,0.11111111061728396,0,1,0.1,1,0.31518726389469165
2026-01-27,18,26,16.0,0.0,0.0,14,2,0.29213482817826036,0.07111111079506173,0,1,0.1,1,0.2677940059187357
2026-01-27,19,24,12.0,0.0,0.0,14,2,0.2696629183183942,0.0533333330962963,0,1,0.1,1,0.2523483131721663
2026-01-27,20,20,5.0,0.0,0.0,14,2,0.22471909859866182,0.02222222212345679,0,1,0.1,1,0.22279026100643484
2026-01-27,21,20,4.0,0.0,0.0,14,2,0.22471909859866182,0.017777777698765432,0,1,0.1,0,0.12145692767902744
2026-01-27,22,17,3.0,0.0,0.0,14,2,0.19101123380886253,0.013333333274074075,0,1,0.1,0,0.10495505519621037
2026-01-27,23,12,5.0,0.0,0.0,14,2,0.1348314591591971,0.02222222212345679,0,1,0.1,0,0.08234082325867573
2026-01-28,0,32,2.0,0.0,0.0,17,-2,0.35955055775785894,0.008888888849382716,0,1,0.1,0,0.17946441764585136
2026-01-28,1,11,1.0,0.0,0.0,17,-2,0.123595504229264,0.004444444424691358,0,1,0.1,0,0.07195131023057622
2026-01-28,2,4,2.0,0.0,0.0,17,-2,0.04494381971973237,0.008888888849382716,0,1,0.1,0,0.03789138552869438
2026-01-28,3,7,7.0,0.0,0.0,17,-2,0.07865168450953164,0.031111110972839508,0,1,0.1,0,0.059726591321141095
2026-01-28,4,5,2.0,0.0,0.0,17,-2,0.056179774649665455,0.008888888849382716,0,1,0.1,0,0.04294756524716427
2026-01-28,5,6,2.0,0.0,0.0,17,-2,0.06741572957959854,0.008888888849382716,0,1,0.1,0,0.04800374496563416
2026-01-28,6,12,8.0,0.0,0.0,17,-2,0.1348314591591971,0.035555555397530865,0,1,0.1,0,0.08634082324089795
2026-01-28,7,15,28.0,0.0,0.0,17,-2,0.16853932394899637,0.12444444389135803,0,1,0.1,1,0.2281760289444558
2026-01-28,8,19,35.0,0.0,0.0,17,-2,0.21348314366872873,0.15555555486419753,0,1,0.1,1,0.25773408111018714
2026-01-28,9,19,24.0,0.0,0.0,17,-2,0.21348314366872873,0.1066666661925926,0,1,0.1,1,0.2430674145087057
2026-01-28,10,27,8.0,0.0,0.0,17,-2,0.30337078310819343,0.035555555397530865,0,1,0.1,1,0.26218351901794634
2026-01-28,11,31,16.0,0.0,0.0,17,-2,0.3483146028279258,0.07111111079506173,0,1,0.1,0,0.19307490451108517
2026-01-28,12,29,23.0,0.0,0.0,17,-2,0.3258426929680596,0.10222222176790124,0,1,0.1,0,0.1922958783659972
2026-01-28,13,32,26.0,0.0,0.0,17,-2,0.35955055775785894,0.11555555504197532,0,1,0.1,0,0.2114644175036291
2026-01-28,14,29,19.0,0.0,0.0,17,-2,0.3258426929680596,0.0844444440691358,0,1,0.1,0,0.18696254505636756
2026-01-28,15,31,32.0,0.0,0.0,17,-2,0.3483146028279258,0.14222222159012346,0,1,0.1,0,0.21440823774960366
2026-01-28,16,31,34.0,0.0,0.0,17,-2,0.3483146028279258,0.15111111043950617,0,1,0.1,0,0.2170749044044185
2026-01-28,17,22,28.0,0.0,0.0,17,-2,0.247191008458528,0.12444444389135803,0,1,0.1,1,0.26356928697374504
2026-01-28,18,32,15.0,0.0,0.0,17,-2,0.35955055775785894,0.06666666637037037,0,1,0.1,1,0.29679775090214766
2026-01-28,19,29,11.0,0.0,0.0,17,-2,0.3258426929680596,0.04888888867160494,0,1,0.1,1,0.27629587843710834
2026-01-28,20,25,11.0,0.0,0.0,17,-2,0.2808988732483273,0.04888888867160494,0,1,0.1,1,0.2560711595632288
2026-01-28,21,15,9.0,0.0,0.0,17,-2,0.16853932394899637,0.03999999982222222,0,1,0.1,0,0.10284269572371503
2026-01-28,22,25,8.0,0.0,0.0,17,-2,0.2808988732483273,0.035555555397530865,0,1,0.1,0,0.15207115958100653
2026-01-28,23,10,6.0,0.0,0.0,17,-2,0.11235954929933091,0.02666666654814815,0,1,0.1,0,0.07356179714914335
2026-01-29,0,34,2.0,0.0,0.0,16,0,0.38202246761772507,0.008888888849382716,0,1,0.1,0,0.18957677708279114
2026-01-29,1,10,1.0,0.0,0.0,16,0,0.11235954929933091,0.004444444424691358,0,1,0.1,0,0.06689513051210631
2026-01-29,2,11,1.0,0.0,0.0,16,0,0.123595504229264,0.004444444424691358,0,1,0.1,0,0.07195131023057622
2026-01-29,3,9,2.0,0.0,0.0,16,0,0.10112359436939782,0.008888888849382716,0,1,0.1,0,0.06317228412104384
2026-01-29,4,6,3.0,0.0,0.0,16,0,0.06741572957959854,0.013333333274074075,0,1,0.1,0,0.04933707829304157
2026-01-29,5,14,3.0,0.0,0.0,16,0,0.15730336901906328,0.013333333274074075,0,1,0.1,0,0.0897865160408007
2026-01-29,6,15,10.0,0.0,0.0,16,0,0.16853932394899637,0.04444444424691358,0,1,0.1,0,0.10417602905112244
2026-01-29,7,18,26.0,0.0,0.0,16,0,0.20224718873879563,0.11555555504197532,0,1,0.1,1,0.24067790144505066
2026-01-29,8,26,42.0,0.0,0.0,16,0,0.29213482817826036,0.18666666583703703,0,1,0.1,1,0.30246067243132824
2026-01-29,9,26,25.0,0.0,0.0,16,0,0.29213482817826036,0.11111111061728396,0,1,0.1,1,0.2797940058654024
2026-01-29,10,21,19.0,0.0,0.0,16,0,0.23595505352859492,0.0844444440691358,0,1,0.1,1,0.24651310730860845
2026-01-29,11,24,20.0,0.0,0.0,16,0,0.2696629183183942,0.08888888849382716,0,1,0.1,0,0.16301497979142554
2026-01-29,12,33,13.0,0.0,0.0,16,0,0.370786512687792,0.05777777752098766,0,1,0.1,0,0.19918726396580272
2026-01-29,13,18,18.0,0.0,0.0,16,0,0.20224718873879563,0.07999999964444444,0,1,0.1,0,0.13001123482579136
2026-01-29,14,26,24.0,0.0,0.0,16,0,0.29213482817826036,0.1066666661925926,0,1,0.1,0,0.17846067253799497
2026-01-29,15,38,36.0,0.0,0.0,16,0,0.42696628733745745,0.1599999992888889,0,1,0.1,0,0.25513482908852253
2026-01-29,16,30,31.0,0.0,0.0,16,0,0.33707864789799274,0.1377777771654321,0,1,0.1,0,0.2080187247037264
2026-01-29,17,29,29.0,0.0,0.0,16,0,0.3258426929680596,0.1288888883160494,0,1,0.1,1,0.3002958783304417
2026-01-29,18,24,18.0,0.0,0.0,16,0,0.2696629183183942,0.07999999964444444,0,1,0.1,1,0.2603483131366108
2026-01-29,19,26,11.0,0.0,0.0,16,0,0.29213482817826036,0.04888888867160494,0,1,0.1,1,0.2611273392816986
2026-01-29,20,24,4.0,0.0,0.0,16,0,0.2696629183183942,0.017777777698765432,0,1,0.1,1,0.241681646552907
2026-01-29,21,24,5.0,0.0,0.0,16,0,0.2696629183183942,0.02222222212345679,0,1,0.1,0,0.14301497988031442
2026-01-29,22,20,6.0,0.0,0.0,16,0,0.22471909859866182,0.02666666654814815,0,1,0.1,0,0.12412359433384226
2026-01-29,23,16,1.0,0.0,0.0,16,0,0.17977527887892947,0.004444444424691358,0,1,0.1,0,0.09723220882292567
2026-01-30,0,31,1.0,0.0,0.0,19,-2,0.3483146028279258,0.004444444424691358,0,1,0.1,0,0.17307490459997404
2026-01-30,1,11,2.0,0.0,0.0,19,-2,0.123595504229264,0.008888888849382716,0,1,0.1,0,0.07328464355798361
2026-01-30,2,15,2.0,0.0,0.0,19,-2,0.16853932394899637,0.008888888849382716,0,1,0.1,0,0.09350936243186318
2026-01-30,3,10,3.0,0.0,0.0,19,-2,0.11235954929933091,0.013333333274074075,0,1,0.1,0,0.06956179716692112
2026-01-30,4,9,1.0,0.0,0.0,19,-2,0.10112359436939782,0.004444444424691358,0,1,0.1,0,0.061838950793636424
2026-01-30,5,9,6.0,0.0,0.0,19,-2,0.10112359436939782,0.02666666654814815,0,1,0.1,0,0.06850561743067346
2026-01-30,6,12,6.0,0.0,0.0,19,-2,0.1348314591591971,0.02666666654814815,0,1,0.1,0,0.08367415658608314
2026-01-30,7,15,24.0,0.0,0.0,19,-2,0.16853932394899637,0.1066666661925926,0,1,0.1,1,0.22284269563482617
2026-01-30,8,18,37.0,0.0,0.0,19,-2,0.20224718873879563,0.16444444371358025,0,1,0.1,1,0.25534456804653216
2026-01-30,9,27,14.0,0.0,0.0,19,-2,0.30337078310819343,0.062222221945679015,0,1,0.1,1,0.2701835189823908
2026-01-30,10,20,18.0,0.0,0.0,19,-2,0.22471909859866182,0.07999999964444444,0,1,0.1,1,0.24012359426273114
2026-01-30,11,26,27.0,0.0,0.0,19,-2,0.29213482817826036,0.11999999946666667,0,1,0.1,0,0.18246067252021714
2026-01-30,12,27,16.0,0.0,0.0,19,-2,0.30337078310819343,0.07111111079506173,0,1,0.1,0,0.17285018563720556
2026-01-30,13,21,27.0,0.0,0.0,19,-2,0.23595505352859492,0.11999999946666667,0,1,0.1,0,0.1571797739278677
2026-01-30,14,31,23.0,0.0,0.0,19,-2,0.3483146028279258,0.10222222176790124,0,1,0.1,0,0.20240823780293699
2026-01-30,15,25,29.0,0.0,0.0,19,-2,0.2808988732483273,0.1288888883160494,0,1,0.1,0,0.1800711594565621
2026-01-30,16,44,19.0,0.0,0.0,19,-2,0.494382016917056,0.0844444440691358,0,1,0.1,0,0.26280524083341594
2026-01-30,17,23,24.0,0.0,0.0,19,-2,0.2584269633884611,0.1066666661925926,0,1,0.1,1,0.2632921333825853
2026-01-30,18,26,39.0,0.0,0.0,19,-2,0.29213482817826036,0.17333333256296296,0,1,0.1,1,0.298460672449106
2026-01-30,19,16,31.0,0.0,0.0,19,-2,0.17977527887892947,0.1377777771654321,0,1,0.1,1,0.2372322086451479
2026-01-30,20,20,16.0,0.0,0.0,19,-2,0.22471909859866182,0.07111111079506173,0,1,0.1,1,0.23745692760791634
2026-01-30,21,16,13.0,0.0,0.0,19,-2,0.17977527887892947,0.05777777752098766,0,1,0.1,0,0.11323220875181456
2026-01-30,22,12,10.0,0.0,0.0,19,-2,0.1348314591591971,0.04444444424691358,0,1,0.1,0,0.08900748989571276
2026-01-30,23,21,15.0,0.0,0.0,19,-2,0.23595505352859492,0.06666666637037037,0,1,0.1,0,0.14117977399897885
2026-01-31,0,33,8.0,0.0,0.0,25,6,0.370786512687792,0.035555555397530865,0,1,0.1,0,0.19252059732876564
2026-01-31,1,18,7.0,0.0,0.0,25,6,0.20224718873879563,0.031111110972839508,0,1,0.1,0,0.11534456822430988
2026-01-31,2,8,7.0,0.0,0.0,25,6,0.08988763943946473,0.031111110972839508,0,1,0.1,0,0.06478277103961098
2026-01-31,3,11,5.0,0.0,0.0,25,6,0.123595504229264,0.02222222212345679,0,1,0.1,0,0.07728464354020584
2026-01-31,4,9,2.0,0.0,0.0,25,6,0.10112359436939782,0.008888888849382716,0,1,0.1,0,0.06317228412104384
2026-01-31,5,15,3.0,0.0,0.0,25,6,0.16853932394899637,0.013333333274074075,0,1,0.1,0,0.0948426957592706
2026-01-31,6,5,0.0,0.0,0.0,25,6,0.056179774649665455,0.0,0,1,0.1,0,0.04028089859234946
2026-01-31,7,16,5.0,0.0,0.0,25,6,0.17977527887892947,0.02222222212345679,0,1,0.1,1,0.2025655421325553
2026-01-31,8,20,2.0,0.0,0.0,25,6,0.22471909859866182,0.008888888849382716,0,1,0.1,1,0.21879026102421262
2026-01-31,9,23,7.0,0.0,0.0,25,6,0.2584269633884611,0.031111110972839508,0,1,0.1,1,0.24062546681665933
2026-01-31,10,20,15.0,0.0,0.0,25,6,0.22471909859866182,0.06666666637037037,0,1,0.1,1,0.2361235942805089
2026-01-31,11,25,13.0,0.0,0.0,25,6,0.2808988732483273,0.05777777752098766,0,1,0.1,0,0.1587378262180436
2026-01-31,12,43,12.0,0.0,0.0,25,6,0.4831460619871229,0.0533333330962963,0,1,0.1,0,0.24841572782309418
